"﻿""Tarih""",Şimdi,Açılış,Yüksek,Düşük,Hac.,Fark %
2022-12-15,22.701371633949773
2022-12-15,22.70350298361561
2022-12-15,22.704561108354255
15.12.2022,"22,6894","23,1366","23,1488","22,6219","203,93K","-1,94%"
14.12.2022,"23,1374","23,0053","23,1835","22,9981","246,90K","0,81%"
13.12.2022,"22,9513","22,8749","23,2327","22,6847","201,65K","0,39%"
12.12.2022,"22,8621","22,8568","23,0158","22,6700","180,63K","0,03%"
09.12.2022,"22,8559","22,8088","23,0218","22,6938","207,28K","0,28%"
08.12.2022,"22,7930","22,7450","22,8922","22,5730","229,63K","0,26%"
07.12.2022,"22,7334","22,6131","22,8082","22,4401","242,82K","0,57%"
06.12.2022,"22,6039","22,7169","22,8901","22,5250","228,69K","-0,41%"
05.12.2022,"22,6973","22,9044","23,1059","22,6654","246,18K","-0,85%"
02.12.2022,"22,8910","22,8405","22,9712","22,5889","195,60K","0,37%"
01.12.2022,"22,8066","22,4388","22,9391","22,3698","234,69K","1,76%"
30.11.2022,"22,4115","22,2759","22,5257","22,0977","243,41K","0,60%"
29.11.2022,"22,2773","22,2812","22,5382","22,1796","212,24K","0,10%"
28.11.2022,"22,2543","22,4883","22,6317","22,2299","205,86K","-0,98%"
25.11.2022,"22,4750","22,5408","22,6759","22,3850","167,01K","-0,21%"
24.11.2022,"22,5229","22,4412","22,6767","22,3558","196,67K","0,44%"
23.11.2022,"22,4242","22,1218","22,5023","21,9984","169,19K","1,41%"
22.11.2022,"22,1120","22,0168","22,2112","21,9036","189,01K","0,50%"
21.11.2022,"22,0010","22,1382","22,1963","21,8444","224,78K","-0,41%"
18.11.2022,"22,0910","22,0517","22,3064","21,9725","239,31K","0,34%"
17.11.2022,"22,0158","22,1722","22,3161","21,8969","199,66K","-0,56%"
16.11.2022,"22,1394","22,0825","22,2773","21,9345","224,32K","0,37%"
15.11.2022,"22,0583","21,8780","22,3801","21,7544","258,44K","1,00%"
14.11.2022,"21,8406","21,9732","22,0438","21,6744","234,80K","-0,63%"
11.11.2022,"21,9796","21,6597","22,0130","21,4869","263,62K","1,54%"
10.11.2022,"21,6454","21,1143","21,7059","20,9993","258,06K","2,65%"
09.11.2022,"21,0865","21,3953","21,5828","20,9302","257,03K","-1,35%"
08.11.2022,"21,3744","21,2360","21,5739","21,1257","233,81K","0,68%"
07.11.2022,"21,2299","21,1260","21,4450","20,9193","239,07K","0,53%"
04.11.2022,"21,1185","20,7901","21,1621","20,7062","235,50K","1,61%"
03.11.2022,"20,7830","21,2295","21,3469","20,7572","221,16K","-2,01%"
02.11.2022,"21,2085","21,3433","21,5741","21,1959","208,87K","-0,53%"
01.11.2022,"21,3207","21,3522","21,6012","21,2356","195,42K","-0,01%"
31.10.2022,"21,3232","21,5826","21,6970","21,3195","199,99K","-1,15%"
28.10.2022,"21,5718","21,5068","21,6575","21,3309","210,07K","0,31%"
27.10.2022,"21,5060","21,6347","21,7482","21,3759","244,57K","-0,51%"
26.10.2022,"21,6159","21,3485","21,6590","21,1670","252,04K","1,40%"
25.10.2022,"21,3166","20,9902","21,3864","20,8615","224,00K","1,63%"
24.10.2022,"20,9756","21,0209","21,2743","20,8960","234,18K","-0,16%"
21.10.2022,"21,0086","20,8941","21,0424","20,5685","236,28K","0,55%"
20.10.2022,"20,8934","20,8643","21,0781","20,7064","244,63K","0,23%"
19.10.2022,"20,8454","21,0415","21,1660","20,7656","232,64K","-0,87%"
18.10.2022,"21,0282","21,1026","21,2490","20,8930","249,66K","-0,27%"
17.10.2022,"21,0853","20,7567","21,2572","20,7557","216,42K","1,71%"
14.10.2022,"20,7298","21,0252","21,1584","20,7266","251,88K","-1,19%"
13.10.2022,"20,9796","20,6078","21,1300","20,4492","224,73K","1,89%"
12.10.2022,"20,5911","20,3910","20,6882","20,2639","239,97K","1,05%"
11.10.2022,"20,3775","20,5424","20,7810","20,3006","255,26K","-0,75%"
10.10.2022,"20,5314","20,5956","20,7039","20,4059","239,88K","-0,21%"
07.10.2022,"20,5741","20,7340","20,8944","20,5105","220,82K","-0,72%"
06.10.2022,"20,7223","21,0243","21,2293","20,6480","233,99K","-1,44%"
05.10.2022,"21,0242","21,3183","21,4435","20,8421","256,84K","-1,30%"
04.10.2022,"21,3017","21,0002","21,3572","20,7740","241,66K","1,49%"
03.10.2022,"20,9886","20,6380","21,0508","20,5406","230,32K","1,66%"
30.09.2022,"20,6460","20,5650","20,8447","20,4062","220,37K","0,43%"
29.09.2022,"20,5584","20,1467","20,5903","19,8790","250,29K","2,04%"
28.09.2022,"20,1472","19,7888","20,2164","19,5134","264,15K","1,85%"
27.09.2022,"19,7807","19,7278","20,1091","19,6448","256,90K","0,40%"
26.09.2022,"19,7014","19,9958","20,1737","19,1325","254,44K","-1,44%"
23.09.2022,"19,9893","20,6514","20,7598","19,9505","193,35K","-3,05%"
22.09.2022,"20,6187","20,6519","20,8774","20,4855","218,05K","-0,12%"
21.09.2022,"20,6426","20,8356","20,9459","20,5235","183,84K","-0,88%"
20.09.2022,"20,8253","20,9038","21,0544","20,7454","188,08K","-0,35%"
19.09.2022,"20,8980","20,8379","20,9681","20,6917","147,70K","0,32%"
16.09.2022,"20,8317","20,9438","21,0348","20,6962","188,46K","-0,50%"
15.09.2022,"20,9372","21,0399","21,1640","20,8740","197,33K","-0,44%"
14.09.2022,"21,0301","20,9746","21,1756","20,8579","216,88K","0,32%"
13.09.2022,"20,9630","21,2938","21,4932","20,9674","206,33K","-1,47%"
12.09.2022,"21,2766","21,1479","21,3997","21,0686","167,34K","0,71%"
09.09.2022,"21,1270","20,9759","21,3004","20,9504","205,77K","0,77%"
08.09.2022,"20,9660","21,0108","21,1473","20,8421","174,90K","-0,17%"
07.09.2022,"21,0010","20,9946","21,0844","20,7640","173,31K","0,13%"
06.09.2022,"20,9741","20,9838","21,2488","20,9111","201,38K","0,04%"
05.09.2022,"20,9661","20,9430","21,0558","20,7586","189,34K","0,23%"
02.09.2022,"20,9171","21,0156","21,1983","20,8766","209,09K","-0,44%"
01.09.2022,"21,0093","21,1513","21,2241","20,8055","212,27K","-0,60%"
31.08.2022,"21,1367","21,1954","21,3521","21,0592","214,98K","-0,16%"
30.08.2022,"21,1713","21,2904","21,3822","21,1306","209,42K","-0,51%"
29.08.2022,"21,2800","21,3396","21,3895","21,0893","185,56K","-0,15%"
26.08.2022,"21,3129","21,5016","21,7222","21,2677","187,12K","-0,83%"
25.08.2022,"21,4912","21,4226","21,6396","21,3211","202,81K","0,37%"
24.08.2022,"21,4128","21,4485","21,5396","21,2477","194,00K","-0,06%"
23.08.2022,"21,4254","21,2847","21,5117","21,1173","205,69K","0,90%"
22.08.2022,"21,2335","21,3876","21,5491","21,2171","205,93K","-0,73%"
19.08.2022,"21,3891","21,5141","21,6780","21,3353","197,29K","-0,44%"
18.08.2022,"21,4829","21,6278","21,8874","21,3908","206,16K","-0,57%"
17.08.2022,"21,6062","21,6901","21,8807","21,5562","171,53K","-0,24%"
16.08.2022,"21,6580","21,6525","21,8088","21,4878","176,72K","0,10%"
15.08.2022,"21,6369","21,7556","21,8906","21,5683","176,32K","-0,53%"
12.08.2022,"21,7520","21,9090","22,0317","21,6019","211,38K","-0,68%"
11.08.2022,"21,9005","21,8585","22,0666","21,6877","208,73K","0,24%"
10.08.2022,"21,8471","21,6285","21,9817","21,4963","234,30K","1,09%"
09.08.2022,"21,6120","21,6700","21,8767","21,3822","219,67K","-0,08%"
08.08.2022,"21,6288","21,6250","21,8479","21,5157","198,51K","0,04%"
05.08.2022,"21,6193","21,8067","21,9531","21,5448","195,36K","-0,79%"
04.08.2022,"21,7909","21,7869","21,9741","21,6115","200,28K","0,04%"
03.08.2022,"21,7818","21,8461","21,9895","21,6733","197,53K","-0,15%"
02.08.2022,"21,8151","21,9291","22,0975","21,7743","217,09K","-0,49%"
01.08.2022,"21,9223","21,7901","22,1218","21,6968","199,30K","0,60%"
29.07.2022,"21,7910","21,8022","22,0690","21,5264","187,96K","-0,06%"
28.07.2022,"21,8046","21,7290","21,9404","21,5982","213,35K","0,45%"
27.07.2022,"21,7079","21,4879","21,8203","21,3754","185,02K","1,08%"
26.07.2022,"21,4757","21,4410","21,6507","21,0844","188,51K","0,37%"
25.07.2022,"21,3961","21,2969","21,5656","21,1374","193,60K","0,62%"
22.07.2022,"21,2643","21,2491","21,4088","20,9934","182,29K","0,13%"
21.07.2022,"21,2377","21,0690","21,3032","20,9414","210,74K","0,80%"
20.07.2022,"21,0695","21,0657","21,2589","20,8364","198,22K","0,08%"
19.07.2022,"21,0532","20,8764","21,2112","20,7577","186,85K","1,09%"
18.07.2022,"20,8264","20,6660","21,0231","20,5210","162,76K","1,02%"
15.07.2022,"20,6166","20,6297","20,7332","20,4463","206,83K","-0,01%"
14.07.2022,"20,6184","20,7251","20,8322","20,4824","208,52K","-0,32%"
13.07.2022,"20,6838","20,5840","20,8943","20,4584","223,66K","0,61%"
12.07.2022,"20,5593","20,6510","20,6876","20,4403","204,31K","-0,36%"
11.07.2022,"20,6340","20,7780","20,8243","20,6112","161,56K","-0,65%"
08.07.2022,"20,7686","20,7679","20,9182","20,5727","204,38K","0,04%"
07.07.2022,"20,7594","20,5414","20,8221","20,4312","206,72K","1,18%"
06.07.2022,"20,5175","20,3293","20,6635","20,1623","225,58K","1,17%"
05.07.2022,"20,2800","20,3568","20,5609","20,1618","200,46K","-0,26%"
04.07.2022,"20,3324","20,2770","20,4955","20,1500","168,30K","0,30%"
01.07.2022,"20,2706","20,3365","20,4134","20,0485","179,05K","-0,26%"
30.06.2022,"20,3241","20,1779","20,4825","19,9673","189,38K","0,75%"
29.06.2022,"20,1721","20,3153","20,5152","19,9694","231,91K","-0,69%"
28.06.2022,"20,3113","20,3090","20,5333","20,1547","215,55K","0,23%"
27.06.2022,"20,2637","20,7116","20,7560","19,6539","186,86K","-2,13%"
24.06.2022,"20,7056","21,2789","21,4636","20,2223","191,77K","-2,68%"
23.06.2022,"21,2751","21,2696","21,4118","21,0763","241,40K","0,04%"
22.06.2022,"21,2656","21,2872","21,4014","21,0546","224,80K","-0,09%"
21.06.2022,"21,2850","21,2381","21,4294","21,0793","182,13K","0,31%"
20.06.2022,"21,2193","21,1703","21,3689","21,0527","190,00K","0,20%"
17.06.2022,"21,1770","21,3782","21,4456","20,9733","223,50K","-0,88%"
16.06.2022,"21,3650","21,0000","21,4652","20,7841","234,02K","1,85%"
15.06.2022,"20,9761","20,7222","21,0814","20,5895","213,90K","1,25%"
14.06.2022,"20,7164","20,9513","21,1528","20,6105","207,18K","-0,97%"
13.06.2022,"20,9197","21,1206","21,3329","20,7460","193,82K","-0,49%"
10.06.2022,"21,0222","21,4874","21,6870","20,8878","181,12K","-2,09%"
09.06.2022,"21,4717","21,5082","21,7071","21,0123","164,63K","-0,02%"
08.06.2022,"21,4763","21,1019","21,6105","21,0214","203,85K","1,93%"
07.06.2022,"21,0702","20,7789","21,1319","20,5660","178,94K","1,51%"
06.06.2022,"20,7577","20,5390","20,9193","20,4147","160,93K","1,28%"
03.06.2022,"20,4961","20,7150","20,8552","20,4317","133,58K","-0,94%"
02.06.2022,"20,6902","20,4757","20,8403","20,3612","156,74K","1,14%"
01.06.2022,"20,4577","20,6749","20,8015","20,4142","171,75K","-0,85%"
31.05.2022,"20,6322","20,7334","20,8054","20,5096","185,95K","-0,42%"
30.05.2022,"20,7202","20,4638","20,8284","20,4107","147,31K","1,50%"
27.05.2022,"20,4136","20,6065","20,8213","20,4067","201,31K","-0,81%"
26.05.2022,"20,5807","20,5583","20,7957","20,3581","199,50K","0,26%"
25.05.2022,"20,5274","20,1712","20,6084","20,0868","202,45K","1,81%"
24.05.2022,"20,1625","20,0590","20,3577","19,9489","197,20K","0,54%"
23.05.2022,"20,0538","19,8672","20,1818","19,6651","199,30K","1,11%"
20.05.2022,"19,8335","19,7913","20,0431","19,7229","188,97K","0,51%"
19.05.2022,"19,7320","19,6787","19,8897","19,6511","219,46K","0,40%"
18.05.2022,"19,6526","19,8626","19,9694","19,6004","213,69K","-1,01%"
17.05.2022,"19,8530","19,1552","19,8953","19,1154","203,20K","3,73%"
16.05.2022,"19,1399","18,9412","19,2087","18,8372","173,74K","0,86%"
13.05.2022,"18,9762","18,7663","19,0408","18,6245","222,49K","1,26%"
12.05.2022,"18,7408","18,7756","18,9091","18,5729","228,30K","0,01%"
11.05.2022,"18,7388","18,8043","19,0785","18,6103","215,01K","-0,27%"
10.05.2022,"18,7894","18,6120","18,9133","18,5469","213,94K","1,02%"
09.05.2022,"18,6003","18,4461","18,6999","18,2672","181,37K","0,87%"
06.05.2022,"18,4399","18,3780","18,5202","18,1879","188,47K","0,44%"
05.05.2022,"18,3600","18,6025","18,7206","18,3091","200,42K","-1,23%"
04.05.2022,"18,5885","18,5191","18,6430","18,4045","168,07K","0,52%"
03.05.2022,"18,4925","18,5933","18,6874","18,4785","166,74K","-0,41%"
02.05.2022,"18,5680","18,6660","18,7414","18,5697","128,52K","-0,48%"
29.04.2022,"18,6574","18,4258","18,7439","18,3462","196,76K","1,28%"
28.04.2022,"18,4209","18,5905","18,6672","18,3388","184,33K","-0,78%"
27.04.2022,"18,5655","18,6106","18,7365","18,4995","163,80K","-0,22%"
26.04.2022,"18,6057","18,8273","18,9424","18,5938","187,17K","-1,12%"
25.04.2022,"18,8172","18,9613","18,9995","18,6978","187,77K","-0,51%"
22.04.2022,"18,9139","19,1651","19,2437","18,9009","173,28K","-1,23%"
21.04.2022,"19,1497","19,1777","19,2965","19,0457","210,14K","-0,10%"
20.04.2022,"19,1690","19,0489","19,2251","18,9676","186,94K","0,75%"
19.04.2022,"19,0272","19,0516","19,1787","18,9414","166,74K","-0,05%"
18.04.2022,"19,0368","19,1146","19,1967","18,9368","145,70K","-0,34%"
15.04.2022,"19,1012","19,0938","19,2118","18,9711","224,99K","0,17%"
14.04.2022,"19,0695","19,1439","19,2871","19,0390","192,46K","-0,35%"
13.04.2022,"19,1358","18,9816","19,2278","18,8005","174,42K","0,86%"
12.04.2022,"18,9729","19,1078","19,2029","18,9445","169,57K","-0,65%"
11.04.2022,"19,0978","19,2379","19,2791","19,0361","138,76K","-0,60%"
08.04.2022,"19,2130","19,2726","19,3703","19,1153","147,56K","-0,24%"
07.04.2022,"19,2601","19,2254","19,3908","19,1619","145,05K","0,24%"
06.04.2022,"19,2137","19,2584","19,3566","19,1355","167,42K","-0,09%"
05.04.2022,"19,2311","19,2623","19,4263","19,1891","157,91K","-0,09%"
04.04.2022,"19,2475","19,2599","19,4025","19,1792","146,17K","-0,02%"
01.04.2022,"19,2517","19,2778","19,3967","19,1161","214,07K","-0,08%"
31.03.2022,"19,2676","19,2460","19,3757","19,1388","180,36K","0,19%"
30.03.2022,"19,2301","19,0940","19,3796","19,0496","162,35K","0,77%"
29.03.2022,"19,0823","19,3904","19,5984","19,0411","167,19K","-1,55%"
28.03.2022,"19,3834","19,5676","19,6246","19,3594","147,93K","-0,83%"
25.03.2022,"19,5451","19,5602","19,7012","19,4468","152,34K","0,10%"
24.03.2022,"19,5247","19,5926","19,7006","19,4517","148,51K","-0,27%"
23.03.2022,"19,5766","19,6618","19,7834","19,5179","162,27K","-0,34%"
22.03.2022,"19,6428","19,5229","19,7010","19,3491","158,35K","0,71%"
21.03.2022,"19,5049","19,5213","19,6454","19,3886","144,54K","0,10%"
18.03.2022,"19,4853","19,3314","19,6084","19,1604","156,32K","0,83%"
17.03.2022,"19,3244","19,2456","19,5570","19,0782","172,46K","0,64%"
16.03.2022,"19,2018","19,1746","19,3864","19,0231","206,59K","0,19%"
15.03.2022,"19,1661","19,2174","19,4642","18,9305","222,61K","-0,22%"
14.03.2022,"19,2080","19,2500","19,4923","19,1509","171,25K","-0,13%"
11.03.2022,"19,2334","19,4238","19,6901","19,1623","215,83K","-0,76%"
10.03.2022,"19,3800","19,3108","19,6624","19,1810","189,81K","0,46%"
09.03.2022,"19,2912","18,9918","19,3534","18,9366","201,66K","1,70%"
08.03.2022,"18,9682","18,8403","19,1607","18,7687","227,51K","0,76%"
07.03.2022,"18,8242","18,7182","19,0508","18,6304","206,58K","0,35%"
04.03.2022,"18,7590","18,8428","19,2364","18,6113","208,68K","-0,28%"
03.03.2022,"18,8112","18,7945","19,0453","18,6319","206,99K","0,19%"
02.03.2022,"18,7755","18,5443","18,9475","18,4064","180,41K","1,25%"
01.03.2022,"18,5429","18,5606","18,8120","18,3496","191,64K","-0,19%"
28.02.2022,"18,5777","18,5336","18,9300","18,2899","198,76K","0,28%"
25.02.2022,"18,5252","18,7756","19,0082","18,3841","183,61K","-1,09%"
24.02.2022,"18,7295","18,7226","19,7585","18,5809","244,08K","0,16%"
23.02.2022,"18,6989","18,7346","18,8831","18,5613","207,54K","-0,11%"
22.02.2022,"18,7198","18,6341","18,9223","18,5000","220,40K","0,63%"
21.02.2022,"18,6033","18,5842","18,6830","18,4511","156,23K","0,34%"
18.02.2022,"18,5403","18,4823","18,6342","18,3739","188,69K","0,33%"
17.02.2022,"18,4791","18,4757","18,6250","18,3833","189,35K","0,05%"
16.02.2022,"18,4692","18,4186","18,5807","18,3341","178,21K","0,39%"
15.02.2022,"18,3966","18,3925","18,6087","18,2924","162,24K","0,12%"
14.02.2022,"18,3748","18,3359","18,5240","18,1325","169,52K","0,24%"
11.02.2022,"18,3300","18,2952","18,4434","18,1448","192,62K","0,40%"
10.02.2022,"18,2563","18,3258","18,5537","18,2076","184,79K","-0,25%"
09.02.2022,"18,3014","18,3682","18,5798","18,2302","161,41K","-0,30%"
08.02.2022,"18,3569","18,4071","18,5984","18,2318","190,60K","-0,06%"
07.02.2022,"18,3681","18,3591","18,5306","18,1721","170,88K","0,13%"
04.02.2022,"18,3448","18,4410","18,5055","18,2605","217,52K","-0,46%"
03.02.2022,"18,4292","18,2763","18,6474","18,1362","206,52K","0,89%"
02.02.2022,"18,2658","18,0771","18,5405","17,9023","180,76K","1,05%"
01.02.2022,"18,0757","17,9125","18,3725","17,7462","180,56K","1,03%"
31.01.2022,"17,8918","18,1607","18,3757","17,7544","167,50K","-1,50%"
28.01.2022,"18,1634","18,2650","18,4496","18,0105","192,20K","-0,56%"
27.01.2022,"18,2665","18,2819","18,5280","18,0306","191,07K","0,10%"
26.01.2022,"18,2479","18,1978","18,5093","18,0356","183,39K","0,30%"
25.01.2022,"18,1938","18,1591","18,4205","17,8890","194,88K","0,34%"
24.01.2022,"18,1313","18,2311","18,4865","17,9242","187,42K","-0,41%"
21.01.2022,"18,2053","18,1629","18,4878","17,9287","171,74K","0,29%"
20.01.2022,"18,1534","18,2488","18,4538","18,0840","171,07K","-0,24%"
19.01.2022,"18,1975","18,4032","18,7577","18,1427","186,66K","-1,06%"
18.01.2022,"18,3931","18,3465","18,7054","18,1242","194,09K","0,42%"
17.01.2022,"18,3158","18,4974","18,8805","18,0579","188,92K","-0,93%"
14.01.2022,"18,4878","18,6280","18,7623","18,3853","192,47K","-0,52%"
13.01.2022,"18,5843","18,1086","18,9420","18,0317","170,58K","2,91%"
12.01.2022,"18,0594","18,8121","19,0175","18,0142","140,68K","-3,98%"
11.01.2022,"18,8088","18,7513","19,0018","18,3981","146,88K","0,35%"
10.01.2022,"18,7435","18,8540","19,0586","18,3724","131,60K","-0,53%"
07.01.2022,"18,8438","18,7558","19,0023","18,3697","167,26K","0,78%"
06.01.2022,"18,6972","18,5343","18,8711","18,0114","194,61K","1,22%"
05.01.2022,"18,4718","18,1469","18,6604","17,8190","163,53K","2,41%"
04.01.2022,"18,0366","17,7120","18,5322","17,3489","160,54K","2,23%"
03.01.2022,"17,6430","18,0248","18,9710","17,1012","163,57K","-2,07%"
31.12.2021,"18,0154","17,7492","18,5035","17,4179","142,85K","1,50%"
30.12.2021,"17,7492","17,0480","18,2336","16,6764","142,15K","4,15%"
29.12.2021,"17,0420","15,8611","17,2103","15,8099","131,62K","7,53%"
28.12.2021,"15,8492","15,6996","16,1601","15,4507","124,85K","0,96%"
27.12.2021,"15,6981","14,2571","15,9250","14,1597","98,09K","10,14%"
24.12.2021,"14,2523","15,2872","16,5114","13,8820","146,52K","-6,80%"
23.12.2021,"15,2923","16,0583","16,5099","13,6259","160,03K","-4,39%"
22.12.2021,"15,9942","16,4969","17,0199","15,8784","133,28K","-3,02%"
21.12.2021,"16,4925","17,8387","18,7916","15,3987","132,26K","-7,53%"
20.12.2021,"17,8361","21,7488","24,2691","17,8360","125,80K","-17,91%"
17.12.2021,"21,7282","20,8776","22,8097","20,8141","176,22K","4,13%"
16.12.2021,"20,8674","19,6134","21,0415","19,5911","169,63K","6,40%"
15.12.2021,"19,6127","19,0539","19,6923","19,0016","207,89K","2,99%"
14.12.2021,"19,0437","18,2593","19,1442","18,2149","179,38K","4,45%"
13.12.2021,"18,2319","18,4116","19,4076","17,9752","187,78K","-0,98%"
10.12.2021,"18,4121","18,2255","18,4804","18,1038","191,39K","1,07%"
09.12.2021,"18,2180","18,0680","18,2949","17,9723","205,11K","0,88%"
08.12.2021,"18,0593","17,8717","18,2873","17,8331","247,07K","1,08%"
07.12.2021,"17,8669","18,3060","18,4052","17,7635","263,85K","-2,29%"
06.12.2021,"18,2865","18,1486","18,4564","18,0246","214,86K","0,88%"
03.12.2021,"18,1265","18,2134","18,5756","17,6957","192,89K","0,06%"
02.12.2021,"18,1155","17,6167","18,4331","17,5533","212,61K","2,86%"
01.12.2021,"17,6113","17,9247","18,4772","16,5132","210,48K","-1,68%"
30.11.2021,"17,9126","17,0676","18,2960","16,9184","237,82K","5,10%"
29.11.2021,"17,0427","16,5777","17,1999","16,4326","173,18K","2,87%"
26.11.2021,"16,5666","15,9736","16,9450","15,8304","223,45K","4,60%"
25.11.2021,"15,8375","16,1103","16,3719","15,7323","198,80K","-1,65%"
24.11.2021,"16,1027","17,1526","17,6568","15,4130","177,99K","-6,08%"
23.11.2021,"17,1444","15,2493","18,0588","15,1802","209,86K","12,47%"
22.11.2021,"15,2433","15,1186","15,4132","14,7008","227,13K","0,90%"
19.11.2021,"15,1079","14,8329","15,2678","14,5941","172,06K","1,85%"
18.11.2021,"14,8335","14,3304","15,2531","14,0785","217,05K","3,71%"
17.11.2021,"14,3027","13,8917","14,3982","13,8326","213,80K","3,02%"
16.11.2021,"13,8828","13,5056","13,9966","13,4733","218,92K","2,94%"
15.11.2021,"13,4858","13,3941","13,5597","13,3504","185,77K","0,79%"
12.11.2021,"13,3796","13,2462","13,4632","13,1898","185,16K","1,18%"
11.11.2021,"13,2238","13,1947","13,3635","13,1761","201,22K","0,30%"
10.11.2021,"13,1838","13,1961","13,3464","13,1556","203,11K","0,02%"
09.11.2021,"13,1815","13,1342","13,2341","13,0914","190,02K","0,44%"
08.11.2021,"13,1239","13,0836","13,2104","13,0033","178,49K","0,53%"
05.11.2021,"13,0542","13,1007","13,1655","12,9943","171,72K","-0,16%"
04.11.2021,"13,0751","13,1999","13,3155","13,0569","235,83K","-0,77%"
03.11.2021,"13,1763","13,0760","13,3232","13,0515","215,03K","0,88%"
02.11.2021,"13,0618","13,0439","13,1046","12,9031","209,83K","0,29%"
01.11.2021,"13,0243","13,1451","13,1636","12,9684","177,92K","-0,94%"
29.10.2021,"13,1475","13,1602","13,2653","13,1027","207,57K","0,10%"
28.10.2021,"13,1338","13,0561","13,2579","13,0056","201,85K","0,79%"
27.10.2021,"13,0306","13,1400","13,1642","12,9950","187,42K","-0,71%"
26.10.2021,"13,1238","13,2017","13,2541","12,9549","169,55K","-0,51%"
25.10.2021,"13,1913","13,2168","13,5632","13,1152","159,35K","0,18%"
22.10.2021,"13,1675","13,1291","13,3305","13,0702","177,37K","0,45%"
21.10.2021,"13,1083","12,7450","13,1763","12,7109","161,47K","2,96%"
20.10.2021,"12,7316","12,8297","12,9044","12,6627","155,57K","-0,65%"
19.10.2021,"12,8153","12,8141","12,9108","12,7369","153,96K","0,13%"
18.10.2021,"12,7983","12,7454","12,8591","12,6904","141,24K","0,61%"
15.10.2021,"12,7211","12,5619","12,7621","12,5363","165,76K","1,40%"
14.10.2021,"12,5450","12,4143","12,6097","12,3691","155,69K","1,14%"
13.10.2021,"12,4032","12,2873","12,4370","12,2639","177,89K","1,06%"
12.10.2021,"12,2727","12,2387","12,3157","12,2109","148,34K","0,43%"
11.10.2021,"12,2205","12,2200","12,2775","12,1617","140,39K","0,19%"
08.10.2021,"12,1974","12,0898","12,2397","12,0494","161,88K","0,99%"
07.10.2021,"12,0779","12,0570","12,1244","12,0116","171,10K","0,27%"
06.10.2021,"12,0448","12,0968","12,1564","12,0182","188,92K","-0,35%"
05.10.2021,"12,0873","12,0554","12,1311","12,0211","183,13K","0,33%"
04.10.2021,"12,0477","12,0044","12,0878","11,9744","150,99K","0,44%"
01.10.2021,"11,9950","11,9782","12,0400","11,9028","162,87K","0,20%"
30.09.2021,"11,9715","11,9817","12,0295","11,8986","182,95K","0,09%"
29.09.2021,"11,9605","12,0147","12,0486","11,8900","172,56K","-0,32%"
28.09.2021,"11,9988","12,0836","12,1476","11,9782","175,08K","-0,61%"
27.09.2021,"12,0725","12,1532","12,1793","12,0674","145,29K","-0,55%"
24.09.2021,"12,1397","12,0301","12,1709","12,0008","159,84K","1,01%"
23.09.2021,"12,0182","11,7971","12,0759","11,7661","175,74K","2,05%"
22.09.2021,"11,7762","11,7860","11,8343","11,7305","176,40K","0,02%"
21.09.2021,"11,7741","11,8452","11,8804","11,7416","166,16K","-0,49%"
20.09.2021,"11,8321","11,8801","11,9682","11,8056","159,32K","-0,21%"
17.09.2021,"11,8570","11,7664","11,9098","11,7246","157,33K","0,88%"
16.09.2021,"11,7530","11,6726","11,7952","11,6369","175,91K","0,82%"
15.09.2021,"11,6574","11,6578","11,7155","11,6187","162,46K","0,17%"
14.09.2021,"11,6377","11,6622","11,7528","11,6293","166,05K","-0,10%"
13.09.2021,"11,6492","11,7225","11,7386","11,6396","144,78K","-0,45%"
10.09.2021,"11,7013","11,6745","11,7402","11,6320","171,06K","0,32%"
09.09.2021,"11,6636","11,6692","11,7618","11,6233","170,92K","0,14%"
08.09.2021,"11,6473","11,5134","11,6896","11,4769","180,46K","1,25%"
07.09.2021,"11,5040","11,4591","11,5217","11,4182","173,17K","0,47%"
06.09.2021,"11,4505","11,5419","11,5525","11,4295","131,16K","-0,56%"
03.09.2021,"11,5147","11,4511","11,5651","11,4274","157,63K","0,65%"
02.09.2021,"11,4406","11,4285","11,4752","11,3785","146,70K","0,22%"
01.09.2021,"11,4150","11,4401","11,4691","11,3712","158,22K","-0,06%"
31.08.2021,"11,4220","11,5316","11,5768","11,4024","148,80K","-0,87%"
30.08.2021,"11,5222","11,4930","11,5569","11,4576","107,59K","0,39%"
27.08.2021,"11,4780","11,4960","11,5620","11,4383","165,54K","-0,09%"
26.08.2021,"11,4887","11,5301","11,5536","11,4519","153,59K","-0,22%"
25.08.2021,"11,5146","11,5464","11,5738","11,4585","141,97K","-0,09%"
24.08.2021,"11,5251","11,5603","11,6207","11,5074","130,68K","-0,20%"
23.08.2021,"11,5479","11,5800","11,6199","11,5206","134,89K","-0,08%"
20.08.2021,"11,5577","11,6132","11,6844","11,2770","273,84K","-0,23%"
19.08.2021,"11,5840","11,6308","11,7095","11,5295","282,72K","-0,32%"
18.08.2021,"11,6209","11,5900","11,7067","11,5442","218,75K","0,36%"
17.08.2021,"11,5789","11,7189","11,7355","11,5323","192,48K","-1,10%"
16.08.2021,"11,7074","11,8193","11,8378","11,6680","211,28K","-0,85%"
13.08.2021,"11,8073","11,8156","11,8688","11,7341","220,27K","0,04%"
12.08.2021,"11,8029","11,9748","11,9885","11,7576","220,28K","-1,34%"
11.08.2021,"11,9631","11,9132","12,0319","11,7344","230,72K","0,67%"
10.08.2021,"11,8831","11,9695","12,0169","11,8433","299,91K","-0,70%"
09.08.2021,"11,9666","11,9793","12,0521","11,9148","214,87K","0,13%"
06.08.2021,"11,9513","11,8781","12,0053","11,8440","144,69K","0,67%"
05.08.2021,"11,8722","11,7753","11,9181","11,7542","162,80K","0,89%"
04.08.2021,"11,7676","11,7012","11,8173","11,6621","147,89K","0,66%"
03.08.2021,"11,6908","11,5964","11,7510","11,5226","145,46K","0,94%"
02.08.2021,"11,5823","11,7519","11,7997","11,5616","132,28K","-1,20%"
30.07.2021,"11,7231","11,8026","11,8441","11,6730","150,60K","-0,65%"
29.07.2021,"11,8001","11,8917","11,9586","11,7805","164,99K","-0,68%"
28.07.2021,"11,8804","11,8896","11,9222","11,8371","161,63K","0,18%"
27.07.2021,"11,8589","11,8267","11,9227","11,7832","159,14K","0,40%"
26.07.2021,"11,8121","11,7671","11,8679","11,7331","157,32K","0,56%"
23.07.2021,"11,7458","11,7873","11,8047","11,6823","144,66K","-0,23%"
22.07.2021,"11,7723","11,7073","11,8203","11,6749","162,19K","0,34%"
21.07.2021,"11,7326","11,6769","11,7775","11,6200","141,77K","0,56%"
20.07.2021,"11,6678","11,7432","11,7789","11,5514","166,66K","-0,42%"
19.07.2021,"11,7172","11,7516","11,8172","11,6623","174,04K","-0,04%"
16.07.2021,"11,7216","11,8519","11,8759","11,6764","166,05K","-0,98%"
15.07.2021,"11,8382","11,9066","11,9242","11,8092","158,35K","-0,47%"
14.07.2021,"11,8940","11,9150","11,9824","11,8693","146,97K","-0,06%"
13.07.2021,"11,9007","11,9979","12,0140","11,8477","140,51K","-0,70%"
12.07.2021,"11,9845","12,0406","12,0545","11,9275","168,50K","-0,27%"
09.07.2021,"12,0172","11,9827","12,0543","11,9194","175,87K","0,33%"
08.07.2021,"11,9782","11,9944","12,0385","11,9256","175,25K","-0,05%"
07.07.2021,"11,9843","11,9965","12,0401","11,9235","181,03K","-0,01%"
06.07.2021,"11,9857","12,0086","12,0527","11,9531","193,86K","-0,07%"
05.07.2021,"11,9941","12,0112","12,0603","11,9718","132,22K","-0,01%"
02.07.2021,"11,9955","11,9279","12,0431","11,8940","148,55K","0,74%"
01.07.2021,"11,9070","12,0433","12,0589","11,8864","173,90K","-1,06%"
30.06.2021,"12,0346","12,0909","12,1260","11,9542","174,65K","-0,36%"
29.06.2021,"12,0778","12,0556","12,1325","11,9963","159,47K","0,19%"
28.06.2021,"12,0549","12,1706","12,2098","12,0395","135,06K","-0,71%"
25.06.2021,"12,1414","12,1257","12,2198","12,0200","160,76K","0,23%"
24.06.2021,"12,1133","12,0675","12,1489","12,0282","173,54K","0,53%"
23.06.2021,"12,0498","12,0694","12,1319","11,9861","156,07K","-0,05%"
22.06.2021,"12,0563","12,2178","12,2497","12,0159","165,79K","-1,23%"
21.06.2021,"12,2064","12,0733","12,2381","12,0291","176,96K","1,30%"
18.06.2021,"12,0493","12,1385","12,1665","11,9880","208,22K","-0,60%"
17.06.2021,"12,1223","12,0396","12,1730","11,9904","179,65K","0,75%"
16.06.2021,"12,0318","12,0526","12,1127","11,9494","161,06K","-0,05%"
15.06.2021,"12,0376","11,9527","12,1096","11,9135","160,42K","0,86%"
14.06.2021,"11,9344","11,8413","11,9736","11,7004","169,33K","0,94%"
11.06.2021,"11,8234","11,9468","11,9802","11,7091","150,24K","-0,95%"
10.06.2021,"11,9364","12,1271","12,1409","11,9054","163,68K","-1,44%"
09.06.2021,"12,1114","12,1834","12,2200","12,0927","141,53K","-0,48%"
08.06.2021,"12,1703","12,2129","12,2480","12,1092","159,95K","0,11%"
07.06.2021,"12,1569","12,2663","12,3006","12,1364","148,28K","-0,78%"
04.06.2021,"12,2521","12,2752","12,3449","12,2226","159,08K","-0,04%"
03.06.2021,"12,2571","12,1767","12,3364","12,1396","174,92K","0,80%"
02.06.2021,"12,1598","12,0793","12,4319","12,0651","196,72K","0,77%"
01.06.2021,"12,0667","12,0652","12,1336","12,0319","177,35K","0,14%"
31.05.2021,"12,0504","12,1403","12,1893","11,9828","170,15K","-0,64%"
28.05.2021,"12,1285","12,0789","12,2025","11,9890","183,31K","0,65%"
27.05.2021,"12,0505","11,9401","12,1250","11,8867","229,53K","1,01%"
26.05.2021,"11,9299","11,9724","11,9937","11,8968","197,68K","-0,23%"
25.05.2021,"11,9577","11,8751","12,0157","11,8497","197,61K","0,82%"
24.05.2021,"11,8599","11,9167","11,9446","11,8211","182,95K","-0,28%"
21.05.2021,"11,8928","11,8917","11,9295","11,8354","201,06K","0,14%"
20.05.2021,"11,8762","11,8759","11,9159","11,7661","188,28K","0,14%"
19.05.2021,"11,8596","11,8553","11,9548","11,8317","193,02K","0,18%"
18.05.2021,"11,8385","11,7479","11,8942","11,7340","202,05K","0,81%"
17.05.2021,"11,7435","11,9164","11,9487","11,7065","152,67K","-1,31%"
14.05.2021,"11,8989","11,9479","11,9731","11,8101","143,16K","-0,32%"
13.05.2021,"11,9374","11,8506","11,9614","11,8227","164,39K","0,93%"
12.05.2021,"11,8276","11,7218","11,9258","11,6735","166,12K","0,97%"
11.05.2021,"11,7136","11,6869","11,7882","11,6663","208,72K","0,35%"
10.05.2021,"11,6723","11,5154","11,7243","11,5080","200,28K","1,46%"
07.05.2021,"11,5040","11,5024","11,5854","11,4410","171,92K","0,20%"
06.05.2021,"11,4808","11,5803","11,6257","11,4773","194,85K","-0,66%"
05.05.2021,"11,5569","11,5658","11,6588","11,5367","203,16K","0,04%"
04.05.2021,"11,5527","11,4788","11,6015","11,4507","178,42K","0,73%"
03.05.2021,"11,4695","11,4621","11,5582","11,4302","181,54K","0,35%"
30.04.2021,"11,4290","11,4583","11,5420","11,4004","189,13K","-0,14%"
29.04.2021,"11,4454","11,4269","11,5575","11,3405","155,38K","0,25%"
28.04.2021,"11,4166","11,4347","11,4691","11,3008","163,36K","0,11%"
27.04.2021,"11,4046","11,5143","11,5464","11,3565","204,01K","-0,83%"
26.04.2021,"11,4995","11,6467","11,8091","11,4761","203,42K","-1,05%"
23.04.2021,"11,6211","11,5192","11,6983","11,4689","149,07K","1,13%"
22.04.2021,"11,4907","11,4089","11,6701","11,3852","190,53K","0,88%"
21.04.2021,"11,3903","11,3124","11,4506","11,2874","175,60K","0,84%"
20.04.2021,"11,2954","11,3235","11,3794","11,2815","169,47K","-0,10%"
19.04.2021,"11,3071","11,1611","11,3465","11,1153","149,50K","1,48%"
16.04.2021,"11,1424","11,0553","11,1864","11,0286","200,74K","1,00%"
15.04.2021,"11,0317","11,1343","11,2513","11,0149","207,81K","-0,78%"
14.04.2021,"11,1180","11,1644","11,2191","11,0561","193,20K","-0,33%"
13.04.2021,"11,1551","11,2085","11,2577","11,1288","167,05K","-0,29%"
12.04.2021,"11,1872","11,2022","11,3118","11,1369","176,32K","0,10%"
09.04.2021,"11,1759","11,1814","11,2671","11,1204","170,66K","0,12%"
08.04.2021,"11,1623","11,2107","11,2846","11,1529","184,75K","-0,04%"
07.04.2021,"11,1671","11,2564","11,3603","11,1671","204,33K","-0,59%"
06.04.2021,"11,2334","11,2757","11,3497","11,2238","180,56K","-0,18%"
05.04.2021,"11,2539","11,2951","11,4218","11,2288","141,76K","-0,14%"
02.04.2021,"11,2694","11,2361","11,3312","11,0331","139,49K","0,55%"
01.04.2021,"11,2073","11,3688","11,4242","11,1762","213,03K","-1,34%"
31.03.2021,"11,3593","11,4539","11,5606","11,3250","215,04K","-0,76%"
30.03.2021,"11,4462","11,2970","11,6440","11,2740","178,00K","1,56%"
29.03.2021,"11,2700","11,2275","11,3587","11,0206","194,89K","0,50%"
26.03.2021,"11,2141","10,9168","11,2539","10,8884","172,22K","2,84%"
25.03.2021,"10,9049","10,8603","10,9874","10,7860","185,84K","0,64%"
24.03.2021,"10,8352","10,9191","11,0310","10,7307","209,64K","-0,74%"
23.03.2021,"10,9164","10,8149","11,0061","10,6035","192,53K","1,00%"
22.03.2021,"10,8080","10,0098","11,2845","9,9831","132,16K","8,02%"
19.03.2021,"10,0058","10,2007","10,2576","9,9818","174,97K","-1,79%"
18.03.2021,"10,1885","10,4812","10,5559","10,1571","184,50K","-2,73%"
17.03.2021,"10,4746","10,4119","10,6124","10,3846","155,72K","0,67%"
16.03.2021,"10,4046","10,4752","10,4840","10,3394","147,16K","-0,56%"
15.03.2021,"10,4637","10,5286","10,5928","10,4382","170,08K","-0,56%"
12.03.2021,"10,5231","10,4617","10,6152","10,4478","192,04K","0,81%"
11.03.2021,"10,4382","10,4523","10,5422","10,3596","176,73K","-0,05%"
10.03.2021,"10,4431","10,5814","10,6258","10,4216","195,00K","-1,25%"
09.03.2021,"10,5748","10,7457","10,7675","10,5471","209,89K","-1,55%"
08.03.2021,"10,7410","10,4314","10,7657","10,3792","203,52K","2,99%"
05.03.2021,"10,4289","10,4275","10,4972","10,3057","192,12K","0,10%"
04.03.2021,"10,4190","10,4122","10,5319","10,3406","219,74K","0,14%"
03.03.2021,"10,4041","10,2585","10,4795","10,1846","203,38K","1,49%"
02.03.2021,"10,2515","10,1518","10,3327","10,1162","188,41K","1,21%"
01.03.2021,"10,1287","10,3502","10,3783","10,0520","213,99K","-2,05%"
26.02.2021,"10,3412","10,2863","10,4443","10,1794","215,85K","0,62%"
25.02.2021,"10,2778","10,1369","10,4551","10,1187","243,05K","1,46%"
24.02.2021,"10,1303","10,0280","10,2369","10,0159","180,27K","1,09%"
23.02.2021,"10,0209","9,8714","10,0450","9,8570","196,64K","1,60%"
22.02.2021,"9,8629","9,7596","9,9506","9,7516","168,87K","1,14%"
19.02.2021,"9,7519","9,7378","9,7998","9,7255","192,24K","0,31%"
18.02.2021,"9,7214","9,6621","9,7748","9,6383","208,54K","0,73%"
17.02.2021,"9,6510","9,7221","9,8000","9,6349","241,96K","-0,62%"
16.02.2021,"9,7110","9,6812","9,7557","9,5963","242,36K","0,38%"
15.02.2021,"9,6743","9,7424","9,7746","9,6539","178,23K","-0,60%"
12.02.2021,"9,7329","9,7072","9,7569","9,6624","198,45K","0,32%"
11.02.2021,"9,7023","9,7680","9,7961","9,6930","240,06K","-0,52%"
10.02.2021,"9,7526","9,7609","9,7986","9,7320","268,27K","0,03%"
09.02.2021,"9,7501","9,7160","9,8370","9,7106","222,93K","0,43%"
08.02.2021,"9,7088","9,6841","9,7681","9,6412","191,04K","0,30%"
05.02.2021,"9,6801","9,7585","9,7838","9,6501","214,19K","-0,73%"
04.02.2021,"9,7512","9,7736","9,7983","9,6381","191,01K","-0,14%"
03.02.2021,"9,7650","9,8336","9,8551","9,7302","185,67K","-0,64%"
02.02.2021,"9,8275","9,8308","9,8469","9,7051","203,92K","0,08%"
01.02.2021,"9,8199","10,0309","10,0412","9,7828","209,90K","-1,94%"
29.01.2021,"10,0138","10,0716","10,1296","9,9698","245,61K","-0,45%"
28.01.2021,"10,0593","10,1248","10,1679","10,0314","243,88K","-0,55%"
27.01.2021,"10,1149","10,0953","10,1563","10,0776","227,72K","0,27%"
26.01.2021,"10,0879","10,1311","10,1537","10,0373","178,05K","-0,36%"
25.01.2021,"10,1242","10,1432","10,1824","10,0838","203,59K","-0,16%"
22.01.2021,"10,1407","10,1194","10,1747","10,0811","231,77K","0,29%"
21.01.2021,"10,1117","10,1342","10,2016","10,0745","237,72K","-0,14%"
20.01.2021,"10,1263","10,1868","10,2146","10,0763","220,11K","-0,52%"
19.01.2021,"10,1789","10,1651","10,2006","10,0891","210,18K","0,21%"
18.01.2021,"10,1572","10,1619","10,2341","10,1144","180,44K","0,04%"
15.01.2021,"10,1532","10,0906","10,2268","10,0462","208,61K","0,65%"
14.01.2021,"10,0872","10,1024","10,1792","10,0266","209,33K","0,05%"
13.01.2021,"10,0824","10,1848","10,2289","10,0718","210,38K","-0,95%"
12.01.2021,"10,1787","10,1070","10,2295","10,0608","201,49K","0,77%"
11.01.2021,"10,1009","10,0073","10,1477","9,9416","191,41K","1,03%"
08.01.2021,"9,9977","9,9297","10,0744","9,9143","181,02K","0,77%"
07.01.2021,"9,9212","9,9430","10,0307","9,8391","212,59K","-0,18%"
06.01.2021,"9,9395","10,0708","10,0871","9,8524","206,70K","-1,20%"
05.01.2021,"10,0607","10,0770","10,1074","10,0070","208,03K","-0,07%"
04.01.2021,"10,0679","10,1657","10,1821","10,0230","166,92K","-0,98%"
01.01.2021,"10,1673","10,1683","10,1791","10,1673","1,49K","0,05%"
31.12.2020,"10,1618","10,0576","10,2416","10,0159","186,92K","1,12%"
30.12.2020,"10,0495","9,9728","10,0696","9,8882","186,66K","0,85%"
29.12.2020,"9,9650","10,0157","10,0858","9,9008","179,09K","-0,47%"
28.12.2020,"10,0122","10,2374","10,2821","9,9476","134,53K","-2,08%"
25.12.2020,"10,2247","10,2716","10,3217","10,2050","4,47K","-0,37%"
24.12.2020,"10,2630","10,3120","10,4273","10,2323","205,59K","-0,38%"
23.12.2020,"10,3026","10,2383","10,3675","10,2244","226,63K","0,71%"
22.12.2020,"10,2298","10,3062","10,3177","10,1638","227,17K","-0,66%"
21.12.2020,"10,2980","10,2800","10,3205","10,0969","221,23K","-0,09%"
18.12.2020,"10,3075","10,4628","10,5133","10,2687","216,65K","-1,39%"
17.12.2020,"10,4526","10,5358","10,5850","10,4377","219,63K","-0,73%"
16.12.2020,"10,5294","10,5455","10,6002","10,4565","206,17K","-0,10%"
15.12.2020,"10,5400","10,4629","10,5577","10,4021","148,31K","0,81%"
14.12.2020,"10,4555","10,4404","10,6319","10,4325","141,17K","0,65%"
11.12.2020,"10,3883","10,4881","10,6055","10,3238","175,17K","-0,91%"
10.12.2020,"10,4834","10,4901","10,5328","10,4180","172,41K","0,13%"
09.12.2020,"10,4698","10,4376","10,5634","10,4297","157,70K","0,45%"
08.12.2020,"10,4227","10,4360","10,5008","10,3926","173,29K","-0,07%"
07.12.2020,"10,4297","10,4909","10,5330","10,3645","169,45K","-0,46%"
04.12.2020,"10,4783","10,4542","10,5642","10,4242","184,26K","0,35%"
03.12.2020,"10,4413","10,4914","10,6222","10,4330","241,69K","-0,47%"
02.12.2020,"10,4902","10,5037","10,5342","10,3941","302,67K","-0,06%"
01.12.2020,"10,4970","10,4363","10,6125","10,4213","292,87K","0,66%"
30.11.2020,"10,4282","10,4318","10,4931","10,3237","284,67K","-0,01%"
27.11.2020,"10,4291","10,5130","10,5556","10,3734","307,36K","-0,76%"
26.11.2020,"10,5092","10,6150","10,6810","10,4761","277,50K","-0,96%"
25.11.2020,"10,6115","10,6925","10,7112","10,5667","306,81K","-0,70%"
24.11.2020,"10,6864","10,5068","10,7676","10,4426","301,82K","1,78%"
23.11.2020,"10,4999","10,1355","10,6552","10,1355","293,75K","3,58%"
20.11.2020,"10,1372","10,0161","10,2340","9,9722","302,89K","1,24%"
19.11.2020,"10,0130","10,2274","10,2491","9,9375","321,55K","-2,05%"
18.11.2020,"10,2224","10,1989","10,3455","10,1736","302,85K","0,31%"
17.11.2020,"10,1905","10,1596","10,3260","10,1389","307,31K","0,36%"
16.11.2020,"10,1539","10,0984","10,2470","10,0339","254,67K","0,53%"
13.11.2020,"10,1007","10,0876","10,2010","9,9763","300,58K","0,20%"
12.11.2020,"10,0806","10,3126","10,4153","10,0442","329,96K","-2,21%"
11.11.2020,"10,3079","10,8112","10,8862","10,2795","289,67K","-4,61%"
10.11.2020,"10,8063","10,6171","11,0473","10,6115","300,73K","1,82%"
09.11.2020,"10,6132","11,2214","11,2287","10,5059","285,64K","-5,35%"
06.11.2020,"11,2131","11,0711","11,2810","11,0238","324,66K","1,31%"
05.11.2020,"11,0676","10,9451","11,0887","10,9100","342,65K","1,15%"
04.11.2020,"10,9417","10,9751","11,0885","10,8929","321,58K","-0,27%"
03.11.2020,"10,9708","10,8799","11,1160","10,8667","298,00K","0,90%"
02.11.2020,"10,8730","10,8057","10,9262","10,7690","302,02K","0,69%"
30.10.2020,"10,7990","10,7208","10,8761","10,6691","341,99K","0,80%"
29.10.2020,"10,7132","10,7208","10,8345","10,6650","314,58K","-0,07%"
28.10.2020,"10,7211","10,6812","10,8000","10,6454","337,05K","0,42%"
27.10.2020,"10,6762","10,5242","10,6993","10,5204","313,67K","1,46%"
26.10.2020,"10,5222","10,3809","10,5497","10,3793","301,87K","1,36%"
23.10.2020,"10,3811","10,3818","10,4625","10,3317","313,93K","0,06%"
22.10.2020,"10,3747","10,2733","10,4691","10,1826","335,26K","1,06%"
21.10.2020,"10,2661","10,1876","10,3084","10,1580","315,11K","0,90%"
20.10.2020,"10,1744","10,2109","10,2509","10,1622","306,01K","-0,27%"
19.10.2020,"10,2018","10,2472","10,2993","10,1912","281,53K","-0,39%"
16.10.2020,"10,2417","10,2485","10,2987","10,1946","295,02K","0,00%"
15.10.2020,"10,2421","10,2957","10,3361","10,2217","291,55K","-0,46%"
14.10.2020,"10,2896","10,2406","10,3495","10,2099","304,22K","0,54%"
13.10.2020,"10,2345","10,3118","10,3299","10,2299","312,18K","-0,67%"
12.10.2020,"10,3032","10,2394","10,3306","10,2311","276,32K","0,52%"
09.10.2020,"10,2497","10,2764","10,3105","10,1893","326,52K","-0,19%"
08.10.2020,"10,2696","10,1863","10,3011","10,1728","336,24K","0,88%"
07.10.2020,"10,1804","10,0414","10,2053","10,0276","343,38K","1,39%"
06.10.2020,"10,0406","10,0759","10,1267","10,0321","311,29K","-0,29%"
05.10.2020,"10,0700","10,0534","10,1014","9,9926","276,03K","0,18%"
02.10.2020,"10,0523","9,9959","10,0799","9,9201","335,07K","0,63%"
01.10.2020,"9,9890","9,9710","10,0482","9,8656","331,33K","0,22%"
30.09.2020,"9,9671","10,0575","10,0758","9,9171","331,04K","-0,82%"
29.09.2020,"10,0495","10,0132","10,1241","9,9726","310,01K","0,37%"
28.09.2020,"10,0126","9,7706","10,1040","9,7673","303,99K","2,55%"
25.09.2020,"9,7636","9,7198","9,7875","9,5648","316,76K","0,48%"
24.09.2020,"9,7168","9,7984","9,8404","9,6119","334,54K","-0,76%"
23.09.2020,"9,7917","9,7626","9,8480","9,7049","322,33K","0,38%"
22.09.2020,"9,7544","9,7792","9,8424","9,7104","309,42K","-0,23%"
21.09.2020,"9,7770","9,7695","9,8346","9,7394","291,33K","0,18%"
18.09.2020,"9,7590","9,7955","9,8403","9,7480","313,11K","-0,30%"
17.09.2020,"9,7884","9,7341","9,8243","9,6678","341,98K","0,59%"
16.09.2020,"9,7308","9,6590","9,7668","9,6295","304,39K","0,88%"
15.09.2020,"9,6457","9,6194","9,6793","9,5875","271,91K","0,34%"
14.09.2020,"9,6132","9,5608","9,6840","9,5520","237,86K","0,56%"
11.09.2020,"9,5594","9,5361","9,6106","9,5222","282,22K","0,25%"
10.09.2020,"9,5358","9,7342","9,7605","9,5154","296,46K","-1,98%"
09.09.2020,"9,7286","9,7173","9,7575","9,6430","270,99K","0,18%"
08.09.2020,"9,7112","9,8203","9,8309","9,7088","263,46K","-1,05%"
07.09.2020,"9,8142","9,8750","9,8840","9,7718","214,82K","-0,59%"
04.09.2020,"9,8729","9,8771","9,9195","9,7784","279,79K","0,01%"
03.09.2020,"9,8717","9,8631","9,9030","9,7963","297,81K","0,17%"
02.09.2020,"9,8545","9,8622","9,8801","9,7907","267,76K","0,00%"
01.09.2020,"9,8546","9,8252","9,9226","9,8138","282,79K","0,33%"
31.08.2020,"9,8217","9,7885","9,8679","9,7313","256,97K","0,34%"
28.08.2020,"9,7887","9,7182","9,8076","9,6787","292,73K","0,78%"
27.08.2020,"9,7127","9,7338","9,7607","9,6291","284,97K","-0,17%"
26.08.2020,"9,7293","9,7236","9,7631","9,6184","261,77K","0,16%"
25.08.2020,"9,7142","9,6390","9,7458","9,6206","264,38K","0,81%"
24.08.2020,"9,6363","9,6033","9,6931","9,5566","240,04K","0,36%"
21.08.2020,"9,6013","9,6447","9,7238","9,4290","282,37K","-0,37%"
20.08.2020,"9,6366","9,5503","9,6941","9,5060","296,31K","0,92%"
19.08.2020,"9,5491","9,7605","9,7973","9,4807","255,58K","-2,11%"
18.08.2020,"9,7551","9,6719","9,7778","9,6670","159,80K","0,91%"
17.08.2020,"9,6676","9,6446","9,7014","9,6299","243,47K","0,31%"
14.08.2020,"9,6382","9,5840","9,6983","9,5381","257,54K","0,58%"
13.08.2020,"9,5822","9,5563","9,6416","9,5004","280,19K","0,34%"
12.08.2020,"9,5501","9,4362","9,5861","9,3731","230,60K","1,62%"
11.08.2020,"9,3978","9,5880","9,6249","9,3904","252,74K","-1,94%"
10.08.2020,"9,5841","9,5129","9,6172","9,4549","220,14K","0,72%"
07.08.2020,"9,5156","9,5209","9,6651","9,2962","259,63K","0,03%"
06.08.2020,"9,5127","9,2422","9,6383","9,2158","255,52K","3,00%"
05.08.2020,"9,2358","9,0201","9,3112","9,0113","258,48K","2,47%"
04.08.2020,"9,0134","9,0969","9,1334","8,9939","272,67K","-0,87%"
03.08.2020,"9,0926","9,1244","9,1614","9,0704","243,63K","-0,29%"
31.07.2020,"9,1191","9,1627","9,1920","9,1159","292,12K","-0,38%"
30.07.2020,"9,1542","9,0762","9,1753","8,9963","290,36K","0,88%"
29.07.2020,"9,0741","8,9690","9,1018","8,9458","284,61K","1,22%"
28.07.2020,"8,9650","8,8406","9,0317","8,8065","289,95K","1,46%"
27.07.2020,"8,8357","8,7563","8,9663","8,7471","262,87K","0,92%"
24.07.2020,"8,7549","8,7198","8,7697","8,6947","290,81K","0,49%"
23.07.2020,"8,7121","8,7229","8,7384","8,6665","284,19K","-0,11%"
22.07.2020,"8,7214","8,6895","8,7348","8,6518","269,93K","0,45%"
21.07.2020,"8,6819","8,6803","8,7370","8,6674","261,51K","-0,01%"
20.07.2020,"8,6825","8,6180","8,6976","8,5817","241,18K","0,78%"
17.07.2020,"8,6149","8,6071","8,6433","8,5697","250,55K","0,16%"
16.07.2020,"8,6008","8,6273","8,6600","8,5770","258,05K","-0,23%"
15.07.2020,"8,6209","8,6163","8,6861","8,6127","256,50K","0,11%"
14.07.2020,"8,6112","8,6123","8,6301","8,5604","262,32K","0,05%"
13.07.2020,"8,6066","8,6588","8,6983","8,6023","238,05K","-0,61%"
10.07.2020,"8,6596","8,6502","8,6981","8,6164","255,52K","0,17%"
09.07.2020,"8,6447","8,6518","8,7006","8,6391","260,71K","-0,02%"
08.07.2020,"8,6460","8,6032","8,6676","8,5812","246,13K","0,57%"
07.07.2020,"8,5968","8,5706","8,6385","8,5456","248,33K","0,36%"
06.07.2020,"8,5663","8,5676","8,5963","8,5344","248,12K","0,04%"
03.07.2020,"8,5628","8,5416","8,5860","8,5173","253,76K","0,31%"
02.07.2020,"8,5362","8,5431","8,5918","8,5279","267,58K","0,02%"
01.07.2020,"8,5343","8,4978","8,5580","8,4638","252,01K","0,48%"
30.06.2020,"8,4933","8,4300","8,5038","8,3928","260,06K","0,80%"
29.06.2020,"8,4257","8,4543","8,4937","8,3963","232,35K","-0,27%"
26.06.2020,"8,4488","8,5143","8,5273","8,4285","258,07K","-0,71%"
25.06.2020,"8,5092","8,5146","8,5466","8,4845","277,84K","-0,01%"
24.06.2020,"8,5097","8,5772","8,5976","8,5069","286,15K","-0,71%"
23.06.2020,"8,5706","8,5378","8,5894","8,5101","285,56K","0,46%"
22.06.2020,"8,5312","8,4676","8,5454","8,4391","275,12K","0,80%"
19.06.2020,"8,4636","8,5196","8,5459","8,4433","271,64K","-0,60%"
18.06.2020,"8,5146","8,5947","8,6123","8,4911","281,43K","-0,87%"
17.06.2020,"8,5892","8,6048","8,6229","8,5630","297,33K","-0,14%"
16.06.2020,"8,6010","8,6175","8,6753","8,5883","295,13K","-0,13%"
15.06.2020,"8,6120","8,5367","8,6322","8,4817","288,44K","0,84%"
12.06.2020,"8,5405","8,6205","8,6444","8,5125","315,97K","-0,89%"
11.06.2020,"8,6176","8,6374","8,6641","8,5768","321,97K","-0,17%"
10.06.2020,"8,6319","8,6517","8,6965","8,6234","301,23K","-0,15%"
09.06.2020,"8,6452","8,6358","8,6743","8,5638","295,76K","0,20%"
08.06.2020,"8,6276","8,5850","8,6530","8,5619","267,68K","0,70%"
05.06.2020,"8,5678","8,5170","8,6401","8,4917","295,98K","0,76%"
04.06.2020,"8,5032","8,4799","8,5428","8,4212","289,45K","0,32%"
03.06.2020,"8,4763","8,4267","8,5224","8,3999","290,73K","0,63%"
02.06.2020,"8,4235","8,5136","8,5585","8,3825","282,76K","-0,98%"
01.06.2020,"8,5069","8,4158","8,5187","8,3954","272,88K","1,08%"
29.05.2020,"8,4164","8,3949","8,4780","8,3759","299,54K","0,33%"
28.05.2020,"8,3883","8,3055","8,4202","8,2909","319,95K","1,15%"
27.05.2020,"8,2931","8,2977","8,3731","8,2664","309,84K","0,01%"
26.05.2020,"8,2920","8,3012","8,3666","8,2563","274,05K","-0,02%"
25.05.2020,"8,2935","8,2997","8,3213","8,2767","218,84K","0,05%"
22.05.2020,"8,2893","8,3030","8,3250","8,2534","298,38K","0,02%"
21.05.2020,"8,2876","8,3122","8,3438","8,2674","283,59K","-0,23%"
20.05.2020,"8,3069","8,3045","8,3502","8,2842","289,29K","0,10%"
19.05.2020,"8,2982","8,3969","8,4364","8,2732","299,11K","-1,12%"
18.05.2020,"8,3918","8,3408","8,4183","8,2608","264,00K","0,49%"
15.05.2020,"8,3508","8,4600","8,4796","8,3420","301,53K","-1,27%"
14.05.2020,"8,4579","8,5309","8,5494","8,4223","324,21K","-0,78%"
13.05.2020,"8,5246","8,5792","8,6206","8,5135","308,76K","-0,61%"
12.05.2020,"8,5771","8,7320","8,7336","8,5720","326,89K","-1,68%"
11.05.2020,"8,7239","8,7948","8,8375","8,6913","272,07K","-0,71%"
08.05.2020,"8,7866","8,8019","8,9057","8,7319","255,92K","-0,11%"
07.05.2020,"8,7967","8,8813","9,0020","8,7155","295,22K","-0,95%"
06.05.2020,"8,8807","8,7980","8,9198","8,7865","312,63K","0,99%"
05.05.2020,"8,7934","8,7658","8,8483","8,7452","320,10K","0,36%"
04.05.2020,"8,7617","8,7690","8,7834","8,7037","295,66K","0,00%"
01.05.2020,"8,7621","8,8022","8,8490","8,7504","289,95K","-0,35%"
30.04.2020,"8,7929","8,6678","8,8406","8,6376","317,57K","1,51%"
29.04.2020,"8,6621","8,6811","8,7228","8,6325","307,61K","-0,15%"
28.04.2020,"8,6748","8,6852","8,7601","8,6684","287,01K","-0,04%"
27.04.2020,"8,6780","8,6286","8,6981","8,5878","289,40K","0,64%"
24.04.2020,"8,6228","8,5747","8,6473","8,5611","303,88K","0,56%"
23.04.2020,"8,5750","8,6072","8,6410","8,5526","301,59K","-0,34%"
22.04.2020,"8,6043","8,5831","8,6680","8,5567","289,26K","0,28%"
21.04.2020,"8,5801","8,6315","8,6493","8,5464","305,20K","-0,52%"
20.04.2020,"8,6252","8,6678","8,6810","8,5552","292,83K","-0,42%"
17.04.2020,"8,6616","8,6448","8,6898","8,5141","275,27K","0,24%"
16.04.2020,"8,6409","8,6490","8,6882","8,6011","284,52K","-0,04%"
15.04.2020,"8,6444","8,6040","8,7080","8,5585","290,88K","0,49%"
14.04.2020,"8,6023","8,4731","8,6236","8,4621","264,20K","1,62%"
13.04.2020,"8,4649","8,3477","8,5185","8,3445","236,04K","1,52%"
10.04.2020,"8,3380","8,3152","8,4003","8,2953","161,45K","0,33%"
09.04.2020,"8,3107","8,3906","8,4136","8,2488","290,34K","-0,87%"
08.04.2020,"8,3840","8,3331","8,4195","8,3147","292,01K","0,77%"
07.04.2020,"8,3202","8,2951","8,3747","8,2322","318,18K","0,37%"
06.04.2020,"8,2894","8,2587","8,3676","8,2211","289,65K","0,48%"
03.04.2020,"8,2498","8,2003","8,2999","8,1587","292,40K","0,65%"
02.04.2020,"8,1968","8,2961","8,3545","8,1454","326,08K","-1,14%"
01.04.2020,"8,2914","8,2154","8,3244","8,1680","310,76K","1,00%"
31.03.2020,"8,2095","8,1678","8,2350","8,0512","308,48K","0,59%"
30.03.2020,"8,1615","8,0357","8,1888","7,9973","296,24K","1,54%"
27.03.2020,"8,0379","7,8084","8,0583","7,7581","301,91K","3,02%"
26.03.2020,"7,8022","7,6279","7,8285","7,5599","290,32K","2,40%"
25.03.2020,"7,6191","7,5496","7,6783","7,5131","267,06K","0,97%"
24.03.2020,"7,5460","7,5778","7,6564","7,5065","271,64K","-0,36%"
23.03.2020,"7,5732","7,6403","7,7127","7,5220","245,19K","-0,68%"
20.03.2020,"7,6254","7,5167","7,8021","7,4583","276,25K","1,53%"
19.03.2020,"7,5102","7,5332","7,7112","7,4458","294,45K","-0,23%"
18.03.2020,"7,5278","7,7101","7,8147","7,4243","271,56K","-2,29%"
17.03.2020,"7,7043","7,8914","7,8976","7,6639","273,35K","-2,28%"
16.03.2020,"7,8840","7,7792","7,9118","7,7429","267,51K","1,45%"
13.03.2020,"7,7715","7,9415","7,9588","7,7614","279,96K","-2,08%"
12.03.2020,"7,9363","7,9588","7,9989","7,8583","287,05K","-0,24%"
11.03.2020,"7,9556","7,9457","8,0369","7,8800","262,50K","0,23%"
10.03.2020,"7,9371","8,0674","8,0856","7,9041","261,04K","-1,59%"
09.03.2020,"8,0653","7,9461","8,1164","7,9385","252,54K","1,51%"
06.03.2020,"7,9455","7,9228","7,9598","7,8700","273,11K","0,44%"
05.03.2020,"7,9106","7,8227","7,9444","7,7975","276,26K","1,18%"
04.03.2020,"7,8180","7,8243","7,8752","7,7435","266,53K","0,00%"
03.03.2020,"7,8181","7,8734","7,9714","7,7314","281,16K","-0,65%"
02.03.2020,"7,8690","8,0044","8,0290","7,8588","285,71K","-1,61%"
28.02.2020,"7,9980","7,9988","8,0814","7,9374","284,58K","0,03%"
27.02.2020,"7,9953","7,9443","8,0057","7,9208","305,31K","0,67%"
26.02.2020,"7,9418","7,9907","8,0080","7,9325","294,53K","-0,54%"
25.02.2020,"7,9846","7,9103","8,0103","7,8497","291,25K","1,05%"
24.02.2020,"7,9018","7,9032","7,9629","7,8835","267,23K","0,00%"
21.02.2020,"7,9015","7,8576","7,9335","7,8502","248,53K","0,64%"
20.02.2020,"7,8516","7,8595","7,8825","7,8148","261,51K","-0,03%"
19.02.2020,"7,8541","7,8822","7,9108","7,8477","247,36K","-0,29%"
18.02.2020,"7,8770","7,8633","7,9210","7,8542","245,67K","0,24%"
17.02.2020,"7,8578","7,8855","7,9097","7,8541","211,10K","-0,43%"
14.02.2020,"7,8915","7,8808","7,9223","7,8623","165,40K","0,22%"
13.02.2020,"7,8742","7,8345","7,9153","7,8223","191,63K","0,61%"
12.02.2020,"7,8265","7,7920","7,8609","7,7710","178,01K","0,46%"
11.02.2020,"7,7904","7,7629","7,8243","7,7487","165,44K","0,40%"
10.02.2020,"7,7592","7,7582","7,7960","7,6985","170,79K","0,08%"
07.02.2020,"7,7530","7,7417","7,8360","7,7296","145,24K","0,19%"
06.02.2020,"7,7384","7,7769","7,7854","7,7302","161,33K","-0,44%"
05.02.2020,"7,7726","7,7923","7,8268","7,7428","155,78K","-0,20%"
04.02.2020,"7,7882","7,7771","7,8023","7,7403","153,12K","0,19%"
03.02.2020,"7,7731","7,9061","7,9061","7,7674","159,31K","-1,54%"
31.01.2020,"7,8946","7,8252","7,9054","7,8100","161,60K","1,06%"
30.01.2020,"7,8115","7,7565","7,8453","7,7503","168,05K","0,77%"
29.01.2020,"7,7515","7,7390","7,7708","7,7252","148,97K","0,20%"
28.01.2020,"7,7358","7,7595","7,7712","7,7092","153,42K","-0,28%"
27.01.2020,"7,7574","7,7654","7,7961","7,7469","160,14K","-0,09%"
24.01.2020,"7,7647","7,7871","7,8285","7,7577","159,27K","-0,21%"
23.01.2020,"7,7814","7,7829","7,8007","7,7509","132,00K","0,06%"
22.01.2020,"7,7764","7,7490","7,7951","7,7294","157,52K","0,41%"
21.01.2020,"7,7446","7,6948","7,7628","7,6832","154,53K","0,73%"
20.01.2020,"7,6886","7,6592","7,7024","7,6410","147,39K","0,35%"
17.01.2020,"7,6615","7,6645","7,7025","7,6367","157,76K","0,08%"
16.01.2020,"7,6556","7,6611","7,6962","7,6179","168,46K","-0,04%"
15.01.2020,"7,6584","7,6583","7,6814","7,6431","154,78K","0,08%"
14.01.2020,"7,6521","7,6214","7,6747","7,6095","157,68K","0,54%"
13.01.2020,"7,6107","7,6737","7,6790","7,5874","159,31K","-0,83%"
10.01.2020,"7,6744","7,6746","7,7055","7,6532","159,27K","0,09%"
09.01.2020,"7,6673","7,7409","7,7772","7,6326","168,28K","-0,85%"
08.01.2020,"7,7333","7,8395","7,8705","7,7269","174,84K","-1,30%"
07.01.2020,"7,8351","7,8608","7,8825","7,8211","153,25K","-0,23%"
06.01.2020,"7,8533","7,8088","7,8741","7,7961","144,34K","0,50%"
03.01.2020,"7,8139","7,8255","7,8406","7,7943","157,97K","-0,16%"
02.01.2020,"7,8261","7,8822","7,8924","7,8109","137,93K","-0,69%"
01.01.2020,"7,8803","7,8889","7,8958","7,8641","9,95K","-0,14%"
31.12.2019,"7,8911","7,8004","7,9047","7,7889","139,65K","1,24%"
30.12.2019,"7,7945","7,7740","7,8182","7,7736","135,21K","0,20%"
27.12.2019,"7,7792","7,7094","7,8166","7,6936","136,32K","1,00%"
26.12.2019,"7,7024","7,6923","7,7260","7,6828","136,84K","0,15%"
25.12.2019,"7,6905","7,6987","7,7152","7,6659","41,89K","-0,07%"
24.12.2019,"7,6962","7,6948","7,7178","7,6743","141,28K","0,06%"
23.12.2019,"7,6914","7,7181","7,7361","7,6645","137,04K","-0,39%"
20.12.2019,"7,7218","7,7299","7,7684","7,6877","150,71K","-0,02%"
19.12.2019,"7,7236","7,7505","7,7990","7,7185","161,01K","-0,26%"
18.12.2019,"7,7435","7,7277","7,7634","7,6946","151,90K","0,28%"
17.12.2019,"7,7218","7,7979","7,8054","7,7010","147,24K","-0,89%"
16.12.2019,"7,7913","7,7458","7,8442","7,7395","161,51K","0,69%"
13.12.2019,"7,7381","7,6259","7,8235","7,6129","190,50K","1,56%"
12.12.2019,"7,6194","7,6672","7,6808","7,5528","179,04K","-0,54%"
11.12.2019,"7,6604","7,6386","7,6734","7,6033","149,07K","0,36%"
10.12.2019,"7,6329","7,6389","7,6708","7,6218","132,02K","0,00%"
09.12.2019,"7,6327","7,5882","7,6536","7,5757","144,55K","0,61%"
06.12.2019,"7,5863","7,5633","7,6084","7,5427","146,97K","0,38%"
05.12.2019,"7,5575","7,5361","7,5817","7,5205","152,78K","0,35%"
04.12.2019,"7,5308","7,4612","7,5517","7,4524","149,67K","0,97%"
03.12.2019,"7,4587","7,4272","7,4960","7,4177","139,39K","0,44%"
02.12.2019,"7,4260","7,4236","7,4513","7,4018","144,44K","-0,07%"
29.11.2019,"7,4313","7,4345","7,4908","7,3896","146,54K","0,09%"
28.11.2019,"7,4245","7,4650","7,4868","7,4237","168,56K","-0,53%"
27.11.2019,"7,4643","7,4113","7,4700","7,3820","153,03K","0,76%"
26.11.2019,"7,4082","7,4061","7,4209","7,3706","165,49K","0,18%"
25.11.2019,"7,3948","7,3415","7,4272","7,3236","157,08K","0,90%"
22.11.2019,"7,3288","7,3571","7,3780","7,3183","153,21K","-0,28%"
21.11.2019,"7,3494","7,3662","7,3895","7,3405","162,37K","-0,14%"
20.11.2019,"7,3599","7,3654","7,3927","7,3319","161,61K","-0,04%"
19.11.2019,"7,3630","7,4310","7,4486","7,3526","146,31K","-0,84%"
18.11.2019,"7,4251","7,4146","7,4495","7,4077","149,18K","0,21%"
15.11.2019,"7,4096","7,4039","7,4331","7,3858","154,02K","0,14%"
14.11.2019,"7,3996","7,3769","7,4257","7,3689","159,29K","0,34%"
13.11.2019,"7,3744","7,4212","7,4337","7,3575","128,73K","-0,61%"
12.11.2019,"7,4195","7,4212","7,4376","7,3892","135,47K","0,07%"
11.11.2019,"7,4146","7,3682","7,4559","7,3670","128,57K","0,70%"
08.11.2019,"7,3629","7,3699","7,3878","7,3429","144,93K","-0,07%"
07.11.2019,"7,3681","7,3910","7,4061","7,3404","178,85K","-0,24%"
06.11.2019,"7,3859","7,4133","7,4362","7,3844","147,52K","-0,27%"
05.11.2019,"7,4056","7,3938","7,4275","7,3609","160,68K","0,19%"
04.11.2019,"7,3913","7,3871","7,4095","7,3345","149,94K","0,28%"
01.11.2019,"7,3710","7,3945","7,4379","7,3717","162,49K","-0,18%"
31.10.2019,"7,3842","7,3579","7,4236","7,3489","180,25K","0,40%"
30.10.2019,"7,3549","7,3833","7,4358","7,3331","148,41K","-0,28%"
29.10.2019,"7,3759","7,3729","7,4208","7,3428","139,46K","0,11%"
28.10.2019,"7,3675","7,4061","7,4156","7,3390","137,69K","-0,47%"
25.10.2019,"7,4026","7,4085","7,4408","7,3721","152,04K","-0,01%"
24.10.2019,"7,4035","7,4052","7,4559","7,3763","183,67K","0,01%"
23.10.2019,"7,4031","7,4766","7,5040","7,3696","178,85K","-0,94%"
22.10.2019,"7,4734","7,5921","7,6126","7,4594","171,82K","-1,49%"
21.10.2019,"7,5861","7,4864","7,6170","7,4597","173,41K","0,99%"
18.10.2019,"7,5114","7,5148","7,5248","7,3966","192,11K","-0,01%"
17.10.2019,"7,5123","7,5542","7,6403","7,4754","198,56K","-0,52%"
16.10.2019,"7,5517","7,5654","7,5965","7,4584","189,12K","-0,01%"
15.10.2019,"7,5524","7,4730","7,5747","7,4083","186,47K","1,10%"
14.10.2019,"7,4704","7,4305","7,5087","7,4054","169,34K","0,40%"
11.10.2019,"7,4406","7,2611","7,4742","7,2366","187,45K","2,56%"
10.10.2019,"7,2550","7,1663","7,2757","7,1548","180,02K","1,29%"
09.10.2019,"7,1623","7,1247","7,1845","7,1013","145,34K","0,64%"
08.10.2019,"7,1165","7,1697","7,1914","7,0585","151,10K","-0,71%"
07.10.2019,"7,1673","7,0215","7,1898","6,9996","127,19K","2,06%"
04.10.2019,"7,0228","7,0232","7,0557","6,9795","149,20K","0,12%"
03.10.2019,"7,0141","7,0165","7,0778","6,9494","163,07K","0,14%"
02.10.2019,"7,0044","7,0412","7,0626","6,9935","160,02K","-0,53%"
01.10.2019,"7,0416","6,9422","7,0648","6,9324","170,12K","1,44%"
30.09.2019,"6,9413","6,9687","6,9845","6,9316","150,88K","-0,37%"
27.09.2019,"6,9671","6,9810","7,0034","6,9457","164,42K","-0,13%"
26.09.2019,"6,9763","7,0030","7,0458","6,9662","169,04K","-0,33%"
25.09.2019,"6,9995","7,1159","7,1255","6,9988","156,11K","-1,60%"
24.09.2019,"7,1135","7,1076","7,1367","7,0480","160,13K","0,15%"
23.09.2019,"7,1030","7,1618","7,1741","7,0977","138,32K","-0,87%"
20.09.2019,"7,1654","7,1653","7,1960","7,0981","175,56K","0,14%"
19.09.2019,"7,1551","7,0807","7,1712","7,0654","178,49K","1,18%"
18.09.2019,"7,0718","7,1283","7,1397","7,0504","169,37K","-0,67%"
17.09.2019,"7,1197","7,1211","7,1498","7,0774","179,43K","0,02%"
16.09.2019,"7,1186","7,1085","7,1674","7,0793","182,00K","0,17%"
13.09.2019,"7,1064","6,9774","7,1170","6,9711","175,15K","2,01%"
12.09.2019,"6,9665","7,0887","7,1139","6,9588","192,62K","-1,63%"
11.09.2019,"7,0820","7,1224","7,1627","7,0746","161,93K","-0,50%"
10.09.2019,"7,1175","7,0995","7,1583","7,0828","162,26K","0,31%"
09.09.2019,"7,0958","7,0321","7,1281","6,9850","162,78K","1,11%"
06.09.2019,"7,0180","7,0185","7,0531","6,9917","183,38K","0,11%"
05.09.2019,"7,0102","6,9435","7,0292","6,9021","201,50K","1,00%"
04.09.2019,"6,9409","6,9198","6,9514","6,8613","182,58K","0,27%"
03.09.2019,"6,9221","7,0083","7,0166","6,8972","187,45K","-1,16%"
02.09.2019,"7,0036","7,0850","7,1104","6,9870","137,06K","-1,17%"
30.08.2019,"7,0865","7,1178","7,1288","7,0725","162,75K","-0,42%"
29.08.2019,"7,1166","7,0988","7,1400","7,0724","177,65K","0,32%"
28.08.2019,"7,0936","7,1620","7,1735","7,0606","178,05K","-0,83%"
27.08.2019,"7,1532","7,1170","7,1979","7,0936","167,16K","0,61%"
26.08.2019,"7,1098","7,0593","7,1771","7,0593","164,70K","0,56%"
23.08.2019,"7,0702","7,0680","7,0932","7,0142","186,84K","0,07%"
22.08.2019,"7,0656","6,9326","7,0820","6,9232","177,57K","2,05%"
21.08.2019,"6,9238","6,9722","6,9869","6,9093","179,17K","-0,63%"
20.08.2019,"6,9680","6,8650","6,9890","6,8321","188,47K","1,66%"
19.08.2019,"6,8540","6,7768","6,8906","6,7520","162,81K","1,15%"
16.08.2019,"6,7761","6,7295","6,7896","6,6974","161,68K","0,78%"
15.08.2019,"6,7238","6,7702","6,7934","6,6858","181,24K","-0,62%"
14.08.2019,"6,7657","6,7089","6,7965","6,7014","165,36K","0,94%"
13.08.2019,"6,7028","6,7189","6,8187","6,6878","166,66K","-0,13%"
12.08.2019,"6,7117","6,6100","6,7425","6,5957","149,40K","1,62%"
09.08.2019,"6,6048","6,6428","6,6793","6,5915","165,64K","-0,45%"
08.08.2019,"6,6346","6,6703","6,7080","6,6016","175,55K","-0,47%"
07.08.2019,"6,6661","6,7189","6,7429","6,6329","196,60K","-0,70%"
06.08.2019,"6,7134","6,7655","6,8056","6,6859","195,71K","-0,73%"
05.08.2019,"6,7631","6,7515","6,8307","6,7189","196,42K","0,11%"
02.08.2019,"6,7560","6,7991","6,8242","6,7291","182,97K","-0,58%"
01.08.2019,"6,7952","6,7900","6,8453","6,7289","202,20K","0,07%"
31.07.2019,"6,7902","6,7572","6,8311","6,7021","185,57K","0,60%"
30.07.2019,"6,7497","6,8610","6,8755","6,7422","188,59K","-1,51%"
29.07.2019,"6,8535","7,0254","7,0268","6,8436","166,48K","-2,38%"
26.07.2019,"7,0205","7,1056","7,1130","6,9661","169,65K","-1,16%"
25.07.2019,"7,1032","7,1262","7,2183","7,0513","189,32K","-0,25%"
24.07.2019,"7,1211","7,1118","7,1698","7,0901","173,07K","0,16%"
23.07.2019,"7,1100","7,0809","7,1247","7,0540","179,97K","0,44%"
22.07.2019,"7,0790","7,0736","7,1129","7,0510","162,08K","0,18%"
19.07.2019,"7,0664","7,0484","7,0998","7,0302","174,85K","0,32%"
18.07.2019,"7,0439","7,0669","7,1379","7,0050","195,08K","-0,25%"
17.07.2019,"7,0616","7,0866","7,1035","7,0317","173,70K","-0,30%"
16.07.2019,"7,0831","7,1532","7,1677","7,0686","178,26K","-0,90%"
15.07.2019,"7,1475","7,1919","7,2147","7,1353","164,28K","-0,41%"
12.07.2019,"7,1768","7,1020","7,2498","7,0943","207,24K","1,10%"
11.07.2019,"7,0988","7,0920","7,1410","7,0824","205,76K","0,16%"
10.07.2019,"7,0872","7,1445","7,1901","7,0854","188,07K","-0,75%"
09.07.2019,"7,1408","7,1786","7,1944","7,0692","177,56K","-0,48%"
08.07.2019,"7,1754","7,0452","7,2608","7,0434","168,45K","1,82%"
05.07.2019,"7,0471","7,0395","7,0753","7,0101","180,92K","0,17%"
04.07.2019,"7,0354","7,0721","7,0844","7,0149","171,24K","-0,37%"
03.07.2019,"7,0613","7,1181","7,1340","7,0363","172,92K","-0,71%"
02.07.2019,"7,1120","7,1431","7,2007","7,0802","193,20K","-0,28%"
01.07.2019,"7,1317","7,3531","7,3597","7,1143","190,25K","-2,91%"
28.06.2019,"7,3458","7,3182","7,3706","7,2766","180,63K","0,45%"
27.06.2019,"7,3132","7,3284","7,3638","7,2994","177,71K","-0,14%"
26.06.2019,"7,3234","7,3590","7,3821","7,2821","188,17K","-0,39%"
25.06.2019,"7,3519","7,3983","7,4412","7,3179","172,77K","-0,65%"
24.06.2019,"7,4000","7,4060","7,4194","7,2723","174,13K","-0,20%"
21.06.2019,"7,4152","7,3210","7,4334","7,2997","200,94K","1,38%"
20.06.2019,"7,3146","7,3211","7,4911","7,2671","204,61K","0,07%"
19.06.2019,"7,3095","7,3193","7,4363","7,3107","180,02K","-0,02%"
18.06.2019,"7,3107","7,3615","7,3733","7,2789","177,64K","-0,61%"
17.06.2019,"7,3555","7,4358","7,4668","7,3545","170,30K","-0,99%"
14.06.2019,"7,4287","7,4385","7,5178","7,3911","202,27K","0,01%"
13.06.2019,"7,4282","7,3695","7,4945","7,3588","207,39K","0,84%"
12.06.2019,"7,3662","7,3769","7,4336","7,3388","207,19K","-0,08%"
11.06.2019,"7,3719","7,3246","7,4299","7,2983","204,91K","0,66%"
10.06.2019,"7,3234","7,4090","7,4500","7,2986","185,60K","-1,35%"
07.06.2019,"7,4239","7,3410","7,4625","7,3403","172,28K","1,22%"
06.06.2019,"7,3342","7,2692","7,3724","7,2456","193,01K","0,91%"
05.06.2019,"7,2679","7,3420","7,3595","7,2053","186,19K","-0,87%"
04.06.2019,"7,3314","7,3889","7,4400","7,2838","199,03K","-0,68%"
03.06.2019,"7,3816","7,3748","7,4590","7,3555","174,79K","0,07%"
31.05.2019,"7,3762","7,4103","7,4746","7,3133","232,13K","-0,40%"
30.05.2019,"7,4055","7,5924","7,6168","7,3928","209,73K","-2,38%"
29.05.2019,"7,5864","7,6328","7,6702","7,5777","214,38K","-0,51%"
28.05.2019,"7,6255","7,6869","7,7209","7,5907","208,41K","-0,67%"
27.05.2019,"7,6772","7,7438","7,7763","7,6536","176,49K","-0,69%"
24.05.2019,"7,7308","7,7159","7,7656","7,6477","223,66K","0,23%"
23.05.2019,"7,7131","7,7243","7,7765","7,7034","223,90K","0,02%"
22.05.2019,"7,7118","7,6903","7,7608","7,6663","209,82K","0,30%"
21.05.2019,"7,6884","7,6727","7,7633","7,6378","210,34K","0,37%"
20.05.2019,"7,6597","7,7032","7,7435","7,6354","170,33K","-0,53%"
17.05.2019,"7,7007","7,7368","7,7979","7,6788","187,88K","-0,38%"
16.05.2019,"7,7301","7,7066","7,7656","7,6842","189,27K","0,32%"
15.05.2019,"7,7053","7,7843","7,8642","7,6991","204,24K","-0,89%"
14.05.2019,"7,7745","7,8514","7,9190","7,7271","195,19K","-0,89%"
13.05.2019,"7,8445","7,7797","7,9876","7,7495","198,32K","1,00%"
10.05.2019,"7,7672","8,0600","8,0861","7,7587","218,99K","-3,53%"
09.05.2019,"8,0510","8,0440","8,1299","8,0043","220,89K","0,11%"
08.05.2019,"8,0423","8,0441","8,0912","8,0157","208,24K","0,02%"
07.05.2019,"8,0406","7,9633","8,1397","7,9545","221,16K","0,99%"
06.05.2019,"7,9620","7,8217","8,0550","7,8156","189,82K","1,55%"
03.05.2019,"7,8408","7,7755","7,8707","7,7370","193,17K","0,87%"
02.05.2019,"7,7728","7,7863","7,8151","7,7569","189,62K","-0,12%"
01.05.2019,"7,7824","7,7752","7,8027","7,7607","165,42K","0,16%"
30.04.2019,"7,7699","7,6956","7,7881","7,6855","205,44K","1,05%"
29.04.2019,"7,6890","7,6751","7,7140","7,6431","174,90K","0,26%"
26.04.2019,"7,6691","7,6450","7,7098","7,6321","251,09K","0,37%"
25.04.2019,"7,6406","7,5800","7,7027","7,5662","244,74K","0,89%"
24.04.2019,"7,5729","7,5406","7,6311","7,5328","248,43K","0,45%"
23.04.2019,"7,5387","7,5663","7,6055","7,5318","212,99K","-0,33%"
22.04.2019,"7,5636","7,5518","7,6167","7,5448","170,81K","0,17%"
19.04.2019,"7,5504","7,5414","7,5932","7,5094","199,40K","0,26%"
18.04.2019,"7,5305","7,4844","7,6204","7,4816","243,44K","0,64%"
17.04.2019,"7,4824","7,5300","7,5622","7,4328","223,66K","-0,55%"
16.04.2019,"7,5237","7,6045","7,6249","7,4857","229,62K","-0,95%"
15.04.2019,"7,5959","7,5440","7,6388","7,5286","192,18K","0,67%"
12.04.2019,"7,5455","7,4957","7,6270","7,4776","225,63K","0,80%"
11.04.2019,"7,4854","7,4389","7,5357","7,4188","238,50K","0,67%"
10.04.2019,"7,4356","7,4381","7,4868","7,4008","222,46K","0,07%"
09.04.2019,"7,4305","7,4344","7,4900","7,3654","212,51K","-0,01%"
08.04.2019,"7,4314","7,3341","7,4946","7,3245","195,21K","1,34%"
05.04.2019,"7,3330","7,3141","7,3843","7,2590","253,76K","0,35%"
04.04.2019,"7,3076","7,4041","7,4703","7,2551","250,93K","-1,22%"
03.04.2019,"7,3981","7,3608","7,4826","7,3189","258,47K","0,53%"
02.04.2019,"7,3592","7,1881","7,4194","7,1452","255,05K","2,42%"
01.04.2019,"7,1852","7,2560","7,4639","7,1123","203,60K","-0,48%"
29.03.2019,"7,2198","7,2537","7,4258","7,2244","254,50K","-0,21%"
28.03.2019,"7,2348","7,0269","7,4256","7,0258","263,87K","2,99%"
27.03.2019,"7,0250","7,0371","7,2319","6,9562","253,63K","-0,14%"
26.03.2019,"7,0352","7,3231","7,3807","7,0014","243,04K","-3,97%"
25.03.2019,"7,3262","7,6112","7,6307","7,3172","207,27K","-3,74%"
22.03.2019,"7,6106","7,1641","7,7270","7,1575","269,21K","6,33%"
21.03.2019,"7,1574","7,1533","7,2060","7,1158","256,83K","0,11%"
20.03.2019,"7,1493","7,2663","7,2752","7,1483","247,37K","-1,58%"
19.03.2019,"7,2642","7,2491","7,2891","7,2357","229,38K","0,26%"
18.03.2019,"7,2451","7,2372","7,2653","7,2008","190,10K","0,09%"
15.03.2019,"7,2384","7,2392","7,2699","7,2092","250,30K","-0,02%"
14.03.2019,"7,2395","7,2790","7,2912","7,2174","280,57K","-0,53%"
13.03.2019,"7,2783","7,1354","7,3123","7,1187","253,33K","2,01%"
12.03.2019,"7,1347","7,1616","7,2331","7,0848","286,70K","-0,38%"
11.03.2019,"7,1622","7,0813","7,1766","7,0359","243,46K","1,32%"
08.03.2019,"7,0688","7,1637","7,1968","7,0688","231,94K","-1,26%"
07.03.2019,"7,1590","7,1472","7,1829","7,1055","245,16K","0,13%"
06.03.2019,"7,1498","7,0976","7,1657","7,0422","257,48K","0,72%"
05.03.2019,"7,0990","7,0849","7,1160","7,0453","246,17K","0,11%"
04.03.2019,"7,0912","7,1021","7,1528","7,0732","227,42K","-0,07%"
01.03.2019,"7,0961","7,0754","7,1589","7,0583","268,80K","0,25%"
28.02.2019,"7,0786","7,0727","7,1043","7,0524","265,42K","0,09%"
27.02.2019,"7,0719","7,0283","7,1001","7,0017","253,50K","0,57%"
26.02.2019,"7,0318","6,9434","7,0616","6,9378","239,77K","1,25%"
25.02.2019,"6,9447","6,9558","6,9666","6,9113","217,41K","0,03%"
22.02.2019,"6,9426","6,9446","6,9668","6,8933","237,30K","-0,04%"
21.02.2019,"6,9451","6,9536","6,9774","6,9145","265,54K","-0,06%"
20.02.2019,"6,9490","6,9067","6,9816","6,8941","260,47K","0,69%"
19.02.2019,"6,9013","6,8536","6,9121","6,8270","220,27K","0,59%"
18.02.2019,"6,8605","6,8098","6,8819","6,8057","205,83K","0,97%"
15.02.2019,"6,7949","6,7484","6,8296","6,7112","249,18K","0,58%"
14.02.2019,"6,7554","6,7885","6,8246","6,7401","251,84K","-0,49%"
13.02.2019,"6,7884","6,7699","6,8186","6,7524","241,17K","0,27%"
12.02.2019,"6,7703","6,7836","6,8083","6,7499","265,15K","-0,18%"
11.02.2019,"6,7827","6,7973","6,8221","6,7645","216,85K","-0,17%"
08.02.2019,"6,7943","6,8232","6,8464","6,7657","242,46K","-0,42%"
07.02.2019,"6,8229","6,7455","6,8640","6,7332","269,31K","1,12%"
06.02.2019,"6,7474","6,7326","6,7988","6,7275","282,81K","0,27%"
05.02.2019,"6,7289","6,8056","6,8197","6,7258","264,99K","-1,09%"
04.02.2019,"6,8033","6,8111","6,8567","6,7923","211,07K","-0,14%"
01.02.2019,"6,8125","6,7664","6,8453","6,7553","243,57K","0,62%"
31.01.2019,"6,7704","6,8536","6,8836","6,7590","295,59K","-1,22%"
30.01.2019,"6,8537","6,9347","6,9730","6,8316","281,09K","-1,23%"
29.01.2019,"6,9391","7,0163","7,0511","6,9298","276,37K","-1,04%"
28.01.2019,"7,0121","6,7443","7,0289","6,7335","239,70K","0,83%"
25.01.2019,"6,9546","6,8750","6,9649","6,8697","276,05K","1,09%"
24.01.2019,"6,8793","6,9066","6,9325","6,8388","278,51K","-0,42%"
23.01.2019,"6,9085","6,9207","6,9409","6,8792","279,32K","-0,17%"
22.01.2019,"6,9201","6,8660","6,9415","6,8543","274,28K","0,80%"
21.01.2019,"6,8650","6,8670","6,8906","6,8381","258,61K","0,07%"
18.01.2019,"6,8601","6,9402","6,9704","6,8358","274,47K","-1,23%"
17.01.2019,"6,9452","6,8765","6,9592","6,8696","300,13K","1,03%"
16.01.2019,"6,8747","7,0042","7,0199","6,8571",,"-1,85%"
15.01.2019,"7,0043","6,9950","7,0641","6,9029",,"0,00%"
14.01.2019,"7,0045","7,0195","7,1347","6,9998",,"-0,08%"
11.01.2019,"7,0099","6,9097","7,0536","6,8797",,"1,51%"
10.01.2019,"6,9058","7,0036","7,0340","6,8888",,"-1,39%"
09.01.2019,"7,0034","6,9751","7,0681","6,9421",,"0,45%"
08.01.2019,"6,9717","6,8777","7,0194","6,8613","12,28K","1,30%"
07.01.2019,"6,8820","6,7928","6,9116","6,7710","13,86K","1,42%"
04.01.2019,"6,7854","6,9056","6,9258","6,7516","0,01K","-1,73%"
03.01.2019,"6,9049","6,7971","7,2738","6,7757","14,14K","1,40%"
02.01.2019,"6,8095","6,7605","6,8503","6,7189","11,75K","0,88%"
01.01.2019,"6,7500","6,7485","6,7500","6,6967","7,27K","0,03%"
31.12.2018,"6,7481","6,6869","6,8094","6,6678","0,26K","0,72%"
28.12.2018,"6,7000","6,6783","6,7164","6,6337",,"0,26%"
27.12.2018,"6,6823","6,6640","6,7184","6,6532","13,66K","0,24%"
26.12.2018,"6,6664","6,7132","6,7411","6,6582","10,90K","-1,04%"
25.12.2018,"6,7367","6,7443","6,8014","6,7092","10,21K","0,10%"
24.12.2018,"6,7298","6,7305","6,7528","6,6855","3,88K","0,18%"
21.12.2018,"6,7176","6,6539","6,7386","6,6283",,"0,80%"
20.12.2018,"6,6640","6,6749","6,7351","6,6321","12,07K","-0,03%"
19.12.2018,"6,6657","6,7594","6,7756","6,5839",,"-1,36%"
18.12.2018,"6,7579","6,7812","6,8080","6,7348",,"-0,33%"
17.12.2018,"6,7804","6,7453","6,8041","6,7394",,"0,46%"
14.12.2018,"6,7495","6,7523","6,8284","6,7316",,"-0,13%"
13.12.2018,"6,7581","6,7527","6,8390","6,7073",,"0,07%"
12.12.2018,"6,7537","6,7061","6,7919","6,6863",,"0,80%"
11.12.2018,"6,7002","6,6834","6,8189","6,6660",,"0,16%"
10.12.2018,"6,6898","6,7550","6,7869","6,6767",,"-0,89%"
07.12.2018,"6,7498","6,8205","6,8419","6,6985",,"-1,10%"
06.12.2018,"6,8251","6,7867","6,8808","6,7712",,"0,64%"
05.12.2018,"6,7818","6,8454","6,9208","6,7612",,"-1,04%"
04.12.2018,"6,8532","6,6805","6,9562","6,6602",,"2,59%"
03.12.2018,"6,6803","6,6662","6,7353","6,5746",,"0,45%"
30.11.2018,"6,6502","6,5919","6,7069","6,5594",,"0,67%"
29.11.2018,"6,6060","6,7031","6,7211","6,5531",,"-1,36%"
28.11.2018,"6,6974","6,7230","6,7443","6,6802",,"-0,35%"
27.11.2018,"6,7210","6,7350","6,7550","6,6516",,"-0,21%"
26.11.2018,"6,7351","6,7962","6,8023","6,6922",,"-0,59%"
23.11.2018,"6,7754","6,8086","6,8431","6,7367",,"-0,66%"
22.11.2018,"6,8202","6,7894","6,8589","6,7781",,"0,56%"
21.11.2018,"6,7824","6,8761","6,9108","6,7454",,"-1,37%"
20.11.2018,"6,8769","6,8143","6,9723","6,8102",,"0,83%"
19.11.2018,"6,8206","6,8456","6,8911","6,7922",,"-0,36%"
16.11.2018,"6,8454","6,8305","6,8952","6,8014",,"0,19%"
15.11.2018,"6,8327","7,0888","7,1178","6,7669",,"-3,75%"
14.11.2018,"7,0992","7,1170","7,1735","7,0343",,"-0,10%"
13.11.2018,"7,1063","7,0176","7,1715","7,0034",,"1,13%"
12.11.2018,"7,0266","7,0866","7,1159","6,9790",,"-0,84%"
09.11.2018,"7,0860","7,1304","7,2143","7,0698",,"-0,66%"
08.11.2018,"7,1329","7,0373","7,1971","7,0359",,"1,36%"
07.11.2018,"7,0371","7,0243","7,1165","6,9979",,"0,29%"
06.11.2018,"7,0165","6,9276","7,0848","6,9199",,"1,28%"
05.11.2018,"6,9281","7,0765","7,1235","6,9121",,"-1,64%"
02.11.2018,"7,0435","7,1673","7,1876","7,0155",,"-1,81%"
01.11.2018,"7,1731","7,1298","7,2787","7,1135",,"0,63%"
31.10.2018,"7,1282","6,9514","7,2005","6,9399",,"2,47%"
30.10.2018,"6,9563","7,1174","7,1308","6,9406",,"-2,22%"
29.10.2018,"7,1143","7,1791","7,1889","7,0742",,"-0,88%"
26.10.2018,"7,1776","7,2141","7,2524","7,1377",,"-0,61%"
25.10.2018,"7,2218","7,3509","7,4123","7,1994",,"-1,68%"
24.10.2018,"7,3451","7,4380","7,5003","7,2987",,"-1,22%"
23.10.2018,"7,4360","7,3369","7,6285","7,3343",,"1,19%"
22.10.2018,"7,3483","7,3784","7,4056","7,3245",,"-0,37%"
19.10.2018,"7,3755","7,3438","7,4393","7,2732",,"0,41%"
18.10.2018,"7,3454","7,3170","7,4335","7,2233",,"0,32%"
17.10.2018,"7,3223","7,4904","7,5264","7,2552",,"-2,33%"
16.10.2018,"7,4973","7,6147","7,6753","7,4672",,"-1,49%"
15.10.2018,"7,6109","7,7225","7,7401","7,5607",,"-1,48%"
12.10.2018,"7,7250","7,8425","7,9287","7,6606",,"-1,50%"
11.10.2018,"7,8425","8,0128","8,0476","7,7916",,"-2,18%"
10.10.2018,"8,0176","8,0238","8,0751","7,8955",,"-0,02%"
09.10.2018,"8,0193","7,9932","8,0481","7,9332",,"0,26%"
08.10.2018,"7,9989","8,0444","8,1050","7,9481",,"-0,62%"
05.10.2018,"8,0490","8,0177","8,0862","7,9447",,"0,31%"
04.10.2018,"8,0245","7,8145","8,1059","7,8086",,"2,57%"
03.10.2018,"7,8233","7,7674","7,9222","7,7433",,"0,72%"
02.10.2018,"7,7674","7,7410","7,8578","7,6940",,"0,26%"
01.10.2018,"7,7470","7,9008","7,9206","7,6708",,"-1,83%"
28.09.2018,"7,8913","7,8559","7,9489","7,7575",,"0,40%"
27.09.2018,"7,8601","8,0276","8,0670","7,7942",,"-2,27%"
26.09.2018,"8,0427","8,1272","8,1760","7,9703",,"-0,99%"
25.09.2018,"8,1231","8,0452","8,1906","7,9157",,"0,62%"
24.09.2018,"8,0729","8,1632","8,2815","7,9211",,"-1,91%"
21.09.2018,"8,2305","8,2027","8,3295","8,1630",,"0,07%"
20.09.2018,"8,2248","8,2090","8,4407","8,0525",,"0,13%"
19.09.2018,"8,2141","8,3793","8,4448","8,1575",,"-2,16%"
18.09.2018,"8,3953","8,3101","8,4936","8,2747",,"1,04%"
17.09.2018,"8,3088","8,0782","8,3314","8,0211",,"3,05%"
14.09.2018,"8,0625","7,9527","8,0970","7,8457",,"1,15%"
13.09.2018,"7,9707","8,2750","8,5730","7,8334",,"-3,72%"
12.09.2018,"8,2783","8,3854","8,4335","8,2127",,"-1,24%"
11.09.2018,"8,3820","8,4177","8,4748","8,3468",,"-0,42%"
10.09.2018,"8,4172","8,2417","8,4545","8,2392",,"1,64%"
07.09.2018,"8,2815","8,4930","8,5498","8,2077",,"-2,72%"
06.09.2018,"8,5130","8,5168","8,5951","8,4449",,"-0,12%"
05.09.2018,"8,5229","8,5852","8,6324","8,4745",,"-0,63%"
04.09.2018,"8,5767","8,5344","8,6261","8,4461",,"0,44%"
03.09.2018,"8,5393","8,4699","8,6969","8,3871",,"0,75%"
31.08.2018,"8,4756","8,6700","8,8633","8,3043",,"-2,08%"
30.08.2018,"8,6555","8,4116","8,8957","8,3389",,"2,62%"
29.08.2018,"8,4349","8,1167","8,4865","8,0334",,"4,42%"
28.08.2018,"8,0780","7,9238","8,1378","7,8754",,"2,35%"
27.08.2018,"7,8927","7,7115","8,0914","7,6588",,"2,23%"
24.08.2018,"7,7206","7,8042","7,8648","7,6815",,"-1,65%"
23.08.2018,"7,8504","7,8340","7,9564","7,7649",,"0,48%"
22.08.2018,"7,8128","7,8366","7,9019","7,7662",,"-0,33%"
21.08.2018,"7,8386","7,7859","7,9277","7,7434",,"0,74%"
20.08.2018,"7,7807","7,6968","7,9390","7,6125",,"1,45%"
17.08.2018,"7,6693","7,4086","8,0534","7,2843",,"3,48%"
16.08.2018,"7,4116","7,5778","7,6699","7,2122",,"-2,56%"
15.08.2018,"7,6067","8,0677","8,3774","7,4435",,"-5,93%"
14.08.2018,"8,0860","8,7929","8,8888","7,9831",,"-8,00%"
13.08.2018,"8,7888","8,2366","9,2499","8,2152",,"7,09%"
10.08.2018,"8,2073","7,1110","8,6562","7,0944",,"15,40%"
09.08.2018,"7,1118","6,8004","7,1612","6,7977",,"4,56%"
08.08.2018,"6,8014","6,7899","6,8548","6,7550",,"0,23%"
07.08.2018,"6,7858","6,8994","6,9512","6,7049",,"-1,64%"
06.08.2018,"6,8990","6,6091","7,0243","6,6091",,"4,38%"
03.08.2018,"6,6098","6,5944","6,6605","6,5695",,"0,22%"
02.08.2018,"6,5952","6,5536","6,6643","6,4972",,"0,59%"
01.08.2018,"6,5565","6,4504","6,5798","6,4371",,"1,64%"
31.07.2018,"6,4506","6,4159","6,4765","6,4055",,"0,59%"
30.07.2018,"6,4127","6,3455","6,4378","6,3421",,"0,78%"
27.07.2018,"6,3629","6,3776","6,3940","6,3294",,"-0,23%"
26.07.2018,"6,3774","6,2892","6,4134","6,2854",,"1,31%"
25.07.2018,"6,2949","6,4262","6,4325","6,2949",,"-1,99%"
24.07.2018,"6,4228","6,2119","6,4842","6,1975",,"3,43%"
23.07.2018,"6,2100","6,2989","6,3023","6,1989",,"-1,35%"
20.07.2018,"6,2947","6,2496","6,3094","6,2302",,"0,63%"
19.07.2018,"6,2553","6,2708","6,3037","6,2484",,"-0,19%"
18.07.2018,"6,2669","6,3031","6,3128","6,2179",,"-0,59%"
17.07.2018,"6,3038","6,4161","6,4358","6,2637",,"-1,72%"
16.07.2018,"6,4143","6,4078","6,4615","6,3826",,"-0,18%"
13.07.2018,"6,4257","6,4120","6,4513","6,3345",,"0,22%"
12.07.2018,"6,4118","6,4390","6,5666","6,3150",,"-0,43%"
11.07.2018,"6,4393","6,2435","6,4428","6,2214",,"3,03%"
10.07.2018,"6,2500","6,2847","6,3102","6,1470",,"-0,42%"
09.07.2018,"6,2766","6,0831","6,2928","6,0092",,"3,37%"
06.07.2018,"6,0720","6,0760","6,1138","6,0592",,"-0,04%"
05.07.2018,"6,0744","6,1788","6,1993","6,0575",,"-1,63%"
04.07.2018,"6,1748","6,1602","6,2332","6,1523",,"0,21%"
03.07.2018,"6,1618","6,0653","6,1765","6,0539",,"1,56%"
02.07.2018,"6,0670","6,0484","6,1177","6,0400",,"0,13%"
29.06.2018,"6,0590","5,9941","6,0864","5,9594",,"1,04%"
28.06.2018,"5,9966","6,0617","6,0839","5,9737",,"-1,07%"
27.06.2018,"6,0613","6,1056","6,1493","6,0396",,"-0,71%"
26.06.2018,"6,1047","6,2180","6,2610","6,0841",,"-1,77%"
25.06.2018,"6,2150","6,1824","6,2609","6,0089",,"0,14%"
22.06.2018,"6,2066","6,2527","6,2970","6,1764",,"-0,83%"
21.06.2018,"6,2583","6,2381","6,2926","6,2275",,"0,38%"
20.06.2018,"6,2344","6,2435","6,2748","6,2271",,"-0,21%"
19.06.2018,"6,2476","6,2316","6,2941","6,2062",,"0,28%"
18.06.2018,"6,2302","6,2691","6,2980","6,1992",,"-0,86%"
15.06.2018,"6,2842","6,2677","6,3101","6,2388",,"0,26%"
14.06.2018,"6,2678","6,2097","6,2859","6,1643",,"0,87%"
13.06.2018,"6,2135","6,1448","6,2616","6,1215",,"1,12%"
12.06.2018,"6,1444","6,0541","6,1513","6,0382",,"1,55%"
11.06.2018,"6,0508","5,9936","6,0723","5,9824",,"0,84%"
08.06.2018,"6,0003","6,0187","6,0889","5,9776",,"-0,31%"
07.06.2018,"6,0191","6,1104","6,1711","5,9630",,"-1,49%"
06.06.2018,"6,1102","6,1606","6,2111","6,0857",,"-0,81%"
05.06.2018,"6,1604","6,1137","6,2031","6,0966",,"0,77%"
04.06.2018,"6,1132","6,2031","6,2542","6,0961",,"-1,53%"
01.06.2018,"6,2079","6,0172","6,2178","5,9969",,"3,16%"
31.05.2018,"6,0179","5,9337","6,0454","5,9215",,"1,40%"
30.05.2018,"5,9347","6,0274","6,0507","5,9052",,"-1,56%"
29.05.2018,"6,0287","6,0942","6,1407","6,0011",,"-1,18%"
28.05.2018,"6,1005","6,2718","6,2895","6,0670",,"-2,64%"
25.05.2018,"6,2660","6,3011","6,4201","6,2473",,"-0,52%"
24.05.2018,"6,2988","6,1072","6,4267","6,0579",,"3,13%"
23.05.2018,"6,1074","6,2747","6,5908","6,0614",,"-2,64%"
22.05.2018,"6,2732","6,1444","6,2797","6,1051",,"2,10%"
21.05.2018,"6,1443","6,0501","6,1754","6,0452",,"1,53%"
18.05.2018,"6,0519","6,0296","6,0707","5,9940",,"0,38%"
17.05.2018,"6,0290","5,9539","6,0431","5,9470",,"1,27%"
16.05.2018,"5,9535","6,0011","6,0682","5,9287",,"-0,84%"
15.05.2018,"6,0037","5,9188","6,0454","5,8905",,"1,41%"
14.05.2018,"5,9200","5,8475","5,9284","5,8351",,"1,33%"
11.05.2018,"5,8422","5,7253","5,8521","5,7138",,"2,03%"
10.05.2018,"5,7260","5,8075","5,8439","5,7042",,"-1,42%"
09.05.2018,"5,8082","5,8693","5,9159","5,7705",,"-1,05%"
08.05.2018,"5,8696","5,7851","5,8800","5,7777",,"1,47%"
07.05.2018,"5,7848","5,7205","5,8004","5,7205",,"1,15%"
04.05.2018,"5,7188","5,7229","5,8183","5,7127",,"-0,02%"
03.05.2018,"5,7197","5,6717","5,7541","5,6481",,"0,83%"
02.05.2018,"5,6727","5,5833","5,6896","5,5611",,"1,56%"
01.05.2018,"5,5858","5,5924","5,6321","5,5653",,"-0,14%"
30.04.2018,"5,5936","5,5751","5,6090","5,5377",,"0,42%"
27.04.2018,"5,5701","5,6596","5,6768","5,5552",,"-1,61%"
26.04.2018,"5,6610","5,6819","5,7001","5,6495",,"-0,42%"
25.04.2018,"5,6851","5,7160","5,7344","5,6278",,"-0,45%"
24.04.2018,"5,7110","5,7261","5,7359","5,6821",,"-0,28%"
23.04.2018,"5,7269","5,7151","5,7437","5,6935",,"0,31%"
20.04.2018,"5,7091","5,6914","5,7177","5,6542",,"0,28%"
19.04.2018,"5,6934","5,6925","5,7490","5,6799",,"0,00%"
18.04.2018,"5,6934","5,8549","5,8769","5,6874",,"-2,74%"
17.04.2018,"5,8540","5,8700","5,9287","5,8465",,"-0,32%"
16.04.2018,"5,8728","5,8376","5,9063","5,8276",,"0,66%"
13.04.2018,"5,8344","5,8468","5,8630","5,8011",,"-0,23%"
12.04.2018,"5,8477","5,8605","5,9041","5,7935",,"-0,27%"
11.04.2018,"5,8634","5,8282","5,9471","5,8223",,"0,59%"
10.04.2018,"5,8289","5,7552","5,8693","5,7279",,"1,27%"
09.04.2018,"5,7560","5,7011","5,7605","5,6879",,"0,98%"
06.04.2018,"5,7002","5,6748","5,7114","5,6536",,"0,47%"
05.04.2018,"5,6735","5,6287","5,6831","5,6223",,"0,75%"
04.04.2018,"5,6313","5,6081","5,6608","5,6023",,"0,42%"
03.04.2018,"5,6075","5,5810","5,6194","5,5743",,"0,47%"
02.04.2018,"5,5810","5,5501","5,5916","5,5399",,"0,66%"
30.03.2018,"5,5442","5,5262","5,5667","5,5219",,"0,32%"
29.03.2018,"5,5266","5,6430","5,6533","5,5127",,"-2,11%"
28.03.2018,"5,6455","5,6381","5,6723","5,6319",,"0,15%"
27.03.2018,"5,6371","5,6444","5,6578","5,6114",,"-0,10%"
26.03.2018,"5,6426","5,6317","5,6843","5,5970",,"0,25%"
23.03.2018,"5,6285","5,5443","5,6952","5,5415",,"1,49%"
22.03.2018,"5,5458","5,5280","5,5708","5,5210",,"0,33%"
21.03.2018,"5,5273","5,5079","5,5432","5,4963",,"0,37%"
20.03.2018,"5,5067","5,5182","5,5464","5,4840",,"-0,24%"
19.03.2018,"5,5202","5,4623","5,5659","5,4516",,"1,10%"
16.03.2018,"5,4603","5,4303","5,4763","5,4198",,"0,57%"
15.03.2018,"5,4295","5,4154","5,4530","5,4079",,"0,24%"
14.03.2018,"5,4163","5,4080","5,4323","5,3781",,"0,15%"
13.03.2018,"5,4082","5,3435","5,4169","5,3224",,"1,18%"
12.03.2018,"5,3449","5,2717","5,3542","5,2701",,"1,27%"
09.03.2018,"5,2779","5,2808","5,2984","5,2580",,"-0,06%"
08.03.2018,"5,2812","5,2862","5,3049","5,2667",,"-0,05%"
07.03.2018,"5,2838","5,2687","5,2924","5,2546",,"0,28%"
06.03.2018,"5,2691","5,2758","5,2844","5,2546",,"-0,10%"
05.03.2018,"5,2743","5,2477","5,2976","5,2461",,"0,35%"
02.03.2018,"5,2557","5,2430","5,2745","5,2299",,"0,25%"
01.03.2018,"5,2426","5,2279","5,2568","5,2204",,"0,29%"
28.02.2018,"5,2274","5,3060","5,3091","5,2219",,"-1,50%"
27.02.2018,"5,3072","5,2881","5,3098","5,2652",,"0,37%"
26.02.2018,"5,2878","5,2920","5,3185","5,2751",,"-0,12%"
23.02.2018,"5,2943","5,2819","5,3106","5,2664",,"0,21%"
22.02.2018,"5,2834","5,2738","5,2990","5,2632",,"0,18%"
21.02.2018,"5,2737","5,3172","5,3293","5,2634",,"-0,79%"
20.02.2018,"5,3158","5,2617","5,3341","5,2473",,"1,02%"
19.02.2018,"5,2621","5,2584","5,2776","5,2416",,"0,00%"
16.02.2018,"5,2622","5,3072","5,3316","5,2416",,"-0,85%"
15.02.2018,"5,3072","5,2951","5,3187","5,2876",,"0,24%"
14.02.2018,"5,2946","5,2964","5,3097","5,2538",,"0,02%"
13.02.2018,"5,2937","5,2560","5,2988","5,2512",,"0,68%"
12.02.2018,"5,2580","5,2847","5,2909","5,2434",,"-0,60%"
09.02.2018,"5,2896","5,3167","5,3385","5,2618",,"-0,52%"
08.02.2018,"5,3171","5,2819","5,3650","5,2656",,"0,67%"
07.02.2018,"5,2815","5,2585","5,2865","5,2381",,"0,45%"
06.02.2018,"5,2579","5,2914","5,3000","5,2272",,"-0,61%"
05.02.2018,"5,2903","5,3262","5,3312","5,2636",,"-0,73%"
02.02.2018,"5,3290","5,3263","5,3522","5,3056",,"0,12%"
01.02.2018,"5,3226","5,3296","5,3638","5,3078",,"-0,13%"
31.01.2018,"5,3297","5,3495","5,3582","5,2973",,"-0,36%"
30.01.2018,"5,3488","5,3387","5,3571","5,2970",,"0,18%"
29.01.2018,"5,3391","5,3155","5,3501","5,2874",,"0,35%"
26.01.2018,"5,3206","5,3110","5,3537","5,3003",,"0,26%"
25.01.2018,"5,3068","5,3250","5,3583","5,2881",,"-0,33%"
24.01.2018,"5,3246","5,2721","5,3299","5,2634",,"0,95%"
23.01.2018,"5,2746","5,2827","5,3068","5,2635",,"-0,09%"
22.01.2018,"5,2795","5,3136","5,3464","5,2558",,"0,13%"
19.01.2018,"5,2725","5,2398","5,2893","5,2289",,"0,66%"
18.01.2018,"5,2378","5,2794","5,2856","5,2133",,"-0,79%"
17.01.2018,"5,2794","5,2374","5,2992","5,2275",,"0,78%"
16.01.2018,"5,2383","5,2434","5,2867","5,2065",,"-0,07%"
15.01.2018,"5,2419","5,1481","5,2529","5,1451",,"1,86%"
12.01.2018,"5,1461","5,1117","5,1646","5,0988",,"0,72%"
11.01.2018,"5,1094","5,1321","5,1392","5,0982",,"-0,44%"
10.01.2018,"5,1319","5,1030","5,1562","5,0945",,"0,59%"
09.01.2018,"5,1018","5,0817","5,1133","5,0696",,"0,42%"
08.01.2018,"5,0803","5,0647","5,0957","5,0611",,"0,19%"
05.01.2018,"5,0709","5,0788","5,1028","5,0533",,"-0,17%"
04.01.2018,"5,0796","5,1131","5,1234","5,0686",,"-0,60%"
03.01.2018,"5,1105","5,1184","5,1471","5,0809",,"-0,15%"
02.01.2018,"5,1182","5,1137","5,1302","5,0833",,"0,07%"
01.01.2018,"5,1144","5,1241","5,1296","5,1079",,"-0,15%"
